wind_code,name,industry,in_index_50,in_index_300,in_index_500,in_index_1000
000001.SZ,平安银行,金融,0,1,0,0
000002.SZ,万科A,房地产,0,1,0,0
000009.SZ,中国宝安,工业,0,0,1,0
000012.SZ,南玻A,材料,0,0,0,1
000019.SZ,深粮控股,工业,0,0,0,1
000021.SZ,深科技,信息技术,0,0,1,0
000027.SZ,深圳能源,公用事业,0,0,1,0
000028.SZ,国药一致,医疗保健,0,0,0,1
000029.SZ,深深房A,房地产,0,0,0,1
000030.SZ,富奥股份,可选消费,0,0,0,1
000032.SZ,深桑达A,信息技术,0,0,1,0
000034.SZ,神州数码,信息技术,0,0,1,0
000035.SZ,中国天楹,工业,0,0,0,1
000039.SZ,中集集团,工业,0,0,1,0
000048.SZ,京基智农,日常消费,0,0,0,1
000049.SZ,德赛电池,工业,0,0,0,1
000050.SZ,深天马A,信息技术,0,0,1,0
000058.SZ,深赛格,工业,0,0,0,1
000059.SZ,华锦股份,能源,0,0,0,1
000060.SZ,中金岭南,材料,0,0,1,0
000061.SZ,农产品,日常消费,0,0,0,1
000062.SZ,深圳华强,信息技术,0,0,1,0
000063.SZ,中兴通讯,信息技术,0,1,0,0
000065.SZ,北方国际,工业,0,0,0,1
000088.SZ,盐田港,工业,0,0,1,0
000089.SZ,深圳机场,工业,0,0,0,1
000099.SZ,中信海直,工业,0,0,0,1
000100.SZ,TCL科技,信息技术,0,1,0,0
000155.SZ,川能动力,公用事业,0,0,1,0
000156.SZ,华数传媒,通讯服务,0,0,0,1
000157.SZ,中联重科,工业,0,1,0,0
000166.SZ,申万宏源,金融,0,1,0,0
000301.SZ,东方盛虹,材料,0,1,0,0
000333.SZ,美的集团,可选消费,0,1,0,0
000338.SZ,潍柴动力,工业,0,1,0,0
000400.SZ,许继电气,工业,0,0,1,0
000403.SZ,派林生物,医疗保健,0,0,0,1
000408.SZ,藏格矿业,材料,0,1,0,0
000415.SZ,渤海租赁,金融,0,0,1,0
000420.SZ,吉林化纤,材料,0,0,0,1
000422.SZ,湖北宜化,材料,0,0,0,1
000423.SZ,东阿阿胶,医疗保健,0,0,1,0
000425.SZ,徐工机械,工业,0,1,0,0
000426.SZ,兴业银锡,材料,0,0,1,0
000429.SZ,粤高速A,工业,0,0,1,0
000498.SZ,山东路桥,工业,0,0,0,1
000503.SZ,国新健康,信息技术,0,0,0,1
000513.SZ,丽珠集团,医疗保健,0,0,1,0
000519.SZ,中兵红箭,工业,0,0,1,0
000528.SZ,柳工,工业,0,0,1,0
000537.SZ,绿发电力,公用事业,0,0,1,0
000538.SZ,云南白药,医疗保健,0,1,0,0
000539.SZ,粤电力A,公用事业,0,0,1,0
000543.SZ,皖能电力,公用事业,0,0,0,1
000550.SZ,江铃汽车,可选消费,0,0,0,1
000552.SZ,甘肃能化,能源,0,0,0,1
000555.SZ,神州信息,信息技术,0,0,0,1
000557.SZ,西部创业,工业,0,0,0,1
000559.SZ,万向钱潮,可选消费,0,0,1,0
000563.SZ,陕国投A,金融,0,0,1,0
000567.SZ,海德股份,金融,0,0,0,1
000568.SZ,泸州老窖,日常消费,0,1,0,0
000581.SZ,威孚高科,可选消费,0,0,0,1
000582.SZ,北部湾港,工业,0,0,1,0
000589.SZ,贵州轮胎,可选消费,0,0,0,1
000591.SZ,太阳能,公用事业,0,0,1,0
000596.SZ,古井贡酒,日常消费,0,1,0,0
000597.SZ,东北制药,医疗保健,0,0,0,1
000598.SZ,兴蓉环境,公用事业,0,0,1,0
000600.SZ,建投能源,公用事业,0,0,0,1
000603.SZ,盛达资源,材料,0,0,0,1
000612.SZ,焦作万方,材料,0,0,0,1
000617.SZ,中油资本,金融,0,1,0,0
000620.SZ,盈新发展,房地产,0,0,0,1
000623.SZ,吉林敖东,医疗保健,0,0,1,0
000625.SZ,长安汽车,可选消费,0,1,0,0
000628.SZ,高新发展,工业,0,0,0,1
000629.SZ,钒钛股份,材料,0,0,1,0
000630.SZ,铜陵有色,材料,0,1,0,0
000636.SZ,风华高科,信息技术,0,0,0,1
000650.SZ,仁和药业,医疗保健,0,0,0,1
000651.SZ,格力电器,可选消费,0,1,0,0
000657.SZ,中钨高新,材料,0,0,1,0
000661.SZ,长春高新,医疗保健,0,1,0,0
000672.SZ,上峰水泥,材料,0,0,0,1
000676.SZ,智度股份,信息技术,0,0,0,1
000680.SZ,山推股份,工业,0,0,0,1
000681.SZ,视觉中国,通讯服务,0,0,0,1
000682.SZ,东方电子,工业,0,0,0,1
000683.SZ,博源化工,材料,0,0,1,0
000685.SZ,中山公用,公用事业,0,0,0,1
000686.SZ,东北证券,金融,0,0,0,1
000688.SZ,国城矿业,材料,0,0,0,1
000690.SZ,宝新能源,公用事业,0,0,0,1
000703.SZ,恒逸石化,材料,0,0,1,0
000708.SZ,中信特钢,材料,0,1,0,0
000709.SZ,河钢股份,材料,0,0,1,0
000712.SZ,锦龙股份,金融,0,0,0,1
000719.SZ,中原传媒,通讯服务,0,0,0,1
000723.SZ,美锦能源,能源,0,0,1,0
000725.SZ,京东方A,信息技术,0,1,0,0
000727.SZ,冠捷科技,信息技术,0,0,0,1
000728.SZ,国元证券,金融,0,0,1,0
000729.SZ,燕京啤酒,日常消费,0,0,1,0
000733.SZ,振华科技,信息技术,0,0,1,0
000737.SZ,北方铜业,材料,0,0,0,1
000738.SZ,航发控制,工业,0,0,1,0
000739.SZ,普洛药业,医疗保健,0,0,1,0
000750.SZ,国海证券,金融,0,0,1,0
000756.SZ,新华制药,医疗保健,0,0,0,1
000758.SZ,中色股份,材料,0,0,0,1
000761.SZ,本钢板材,材料,0,0,0,1
000762.SZ,西藏矿业,材料,0,0,0,1
000766.SZ,通化金马,医疗保健,0,0,0,1
000767.SZ,晋控电力,公用事业,0,0,0,1
000768.SZ,中航西飞,工业,0,1,0,0
000776.SZ,广发证券,金融,0,1,0,0
000778.SZ,新兴铸管,材料,0,0,0,1
000783.SZ,长江证券,金融,0,0,1,0
000785.SZ,居然智家,工业,0,0,1,0
000786.SZ,北新建材,材料,0,1,0,0
000791.SZ,甘肃能源,公用事业,0,0,0,1
000792.SZ,盐湖股份,材料,0,1,0,0
000795.SZ,英洛华,材料,0,0,0,1
000801.SZ,四川九洲,可选消费,0,0,0,1
000807.SZ,云铝股份,材料,0,1,0,0
000810.SZ,创维数字,信息技术,0,0,0,1
000811.SZ,冰轮环境,工业,0,0,0,1
000813.SZ,德展健康,医疗保健,0,0,0,1
000825.SZ,太钢不锈,材料,0,0,1,0
000828.SZ,东莞控股,工业,0,0,0,1
000829.SZ,天音控股,信息技术,0,0,0,1
000830.SZ,鲁西化工,材料,0,0,1,0
000831.SZ,中国稀土,材料,0,0,1,0
000833.SZ,粤桂股份,工业,0,0,0,1
000837.SZ,秦川机床,工业,0,0,0,1
000848.SZ,承德露露,日常消费,0,0,0,1
000858.SZ,五粮液,日常消费,0,1,0,0
000860.SZ,顺鑫农业,日常消费,0,0,0,1
000875.SZ,电投绿能,公用事业,0,0,0,1
000876.SZ,新希望,日常消费,0,1,0,0
000878.SZ,云南铜业,材料,0,0,1,0
000880.SZ,潍柴重机,工业,0,0,0,1
000883.SZ,湖北能源,公用事业,0,0,1,0
000885.SZ,城发环境,工业,0,0,0,1
000887.SZ,中鼎股份,可选消费,0,0,1,0
000893.SZ,亚钾国际,材料,0,0,1,0
000895.SZ,双汇发展,日常消费,0,1,0,0
000898.SZ,鞍钢股份,材料,0,0,1,0
000899.SZ,赣能股份,公用事业,0,0,0,1
000901.SZ,航天科技,可选消费,0,0,0,1
000902.SZ,新洋丰,材料,0,0,0,1
000913.SZ,钱江摩托,可选消费,0,0,0,1
000917.SZ,电广传媒,通讯服务,0,0,0,1
000921.SZ,海信家电,可选消费,0,0,1,0
000923.SZ,河钢资源,材料,0,0,0,1
000927.SZ,中国铁物,工业,0,0,0,1
000928.SZ,中钢国际,工业,0,0,0,1
000930.SZ,中粮科技,材料,0,0,0,1
000932.SZ,华菱钢铁,材料,0,0,1,0
000933.SZ,神火股份,材料,0,0,1,0
000935.SZ,四川双马,材料,0,0,0,1
000937.SZ,冀中能源,能源,0,0,1,0
000938.SZ,紫光股份,信息技术,0,1,0,0
000950.SZ,重药控股,医疗保健,0,0,0,1
000951.SZ,中国重汽,工业,0,0,1,0
000958.SZ,电投产融,公用事业,0,0,1,0
000959.SZ,首钢股份,材料,0,0,1,0
000960.SZ,锡业股份,材料,0,0,1,0
000963.SZ,华东医药,医疗保健,0,1,0,0
000966.SZ,长源电力,公用事业,0,0,0,1
000967.SZ,盈峰环境,工业,0,0,1,0
000969.SZ,安泰科技,材料,0,0,0,1
000970.SZ,中科三环,材料,0,0,0,1
000975.SZ,山金国际,材料,0,1,0,0
000977.SZ,浪潮信息,信息技术,0,1,0,0
000983.SZ,山西焦煤,能源,0,1,0,0
000987.SZ,越秀资本,金融,0,0,1,0
000990.SZ,诚志股份,材料,0,0,0,1
000997.SZ,新大陆,信息技术,0,0,1,0
000999.SZ,华润三九,医疗保健,0,1,0,0
001203.SZ,大中矿业,材料,0,0,0,1
001213.SZ,中铁特货,工业,0,0,1,0
001221.SZ,悍高集团,工业,0,0,1,0
001227.SZ,兰州银行,金融,0,0,0,1
001236.SZ,弘业期货,金融,0,0,0,1
001286.SZ,陕西能源,公用事业,0,0,1,0
001287.SZ,中电港,信息技术,0,0,0,1
001301.SZ,尚太科技,材料,0,0,0,1
001308.SZ,康冠科技,信息技术,0,0,0,1
001309.SZ,德明利,信息技术,0,0,0,1
001337.SZ,四川黄金,材料,0,0,0,1
001339.SZ,智微智能,信息技术,0,0,0,1
001356.SZ,富岭股份,可选消费,0,0,0,1
001382.SZ,新亚电缆,工业,0,0,0,1
001389.SZ,广合科技,信息技术,0,0,1,0
001391.SZ,国货航,工业,0,1,0,0
001696.SZ,宗申动力,可选消费,0,0,1,0
001914.SZ,招商积余,房地产,0,0,0,1
001965.SZ,招商公路,工业,0,1,0,0
001979.SZ,招商蛇口,房地产,0,1,0,0
002001.SZ,新和成,医疗保健,0,1,0,0
002003.SZ,伟星股份,可选消费,0,0,0,1
002004.SZ,华邦健康,材料,0,0,0,1
002006.SZ,精工科技,工业,0,0,0,1
002007.SZ,华兰生物,医疗保健,0,0,1,0
002008.SZ,大族激光,信息技术,0,0,1,0
002010.SZ,传化智联,工业,0,0,0,1
002011.SZ,盾安环境,工业,0,0,0,1
002015.SZ,协鑫能科,公用事业,0,0,0,1
002017.SZ,东信和平,信息技术,0,0,0,1
002019.SZ,亿帆医药,医疗保健,0,0,0,1
002020.SZ,京新药业,医疗保健,0,0,0,1
002023.SZ,海特高新,工业,0,0,0,1
002025.SZ,航天电器,信息技术,0,0,1,0
002027.SZ,分众传媒,通讯服务,0,1,0,0
002028.SZ,思源电气,工业,0,1,0,0
002032.SZ,苏泊尔,可选消费,0,0,1,0
002036.SZ,联创电子,信息技术,0,0,0,1
002038.SZ,双鹭药业,医疗保健,0,0,0,1
002041.SZ,登海种业,日常消费,0,0,0,1
002043.SZ,兔宝宝,材料,0,0,0,1
002044.SZ,美年健康,医疗保健,0,0,1,0
002045.SZ,国光电器,可选消费,0,0,0,1
002046.SZ,国机精工,工业,0,0,0,1
002048.SZ,宁波华翔,可选消费,0,0,0,1
002049.SZ,紫光国微,信息技术,0,1,0,0
002050.SZ,三花智控,工业,0,1,0,0
002051.SZ,中工国际,工业,0,0,0,1
002053.SZ,云南能投,公用事业,0,0,0,1
002056.SZ,横店东磁,工业,0,0,1,0
002060.SZ,广东建工,工业,0,0,0,1
002061.SZ,浙江交科,工业,0,0,0,1
002063.SZ,远光软件,信息技术,0,0,0,1
002064.SZ,华峰化学,材料,0,0,1,0
002065.SZ,东华软件,信息技术,0,0,1,0
002068.SZ,黑猫股份,材料,0,0,0,1
002073.SZ,软控股份,工业,0,0,0,1
002074.SZ,国轩高科,工业,0,1,0,0
002075.SZ,沙钢股份,材料,0,0,0,1
002077.SZ,大港股份,信息技术,0,0,0,1
002078.SZ,太阳纸业,材料,0,0,1,0
002079.SZ,苏州固锝,工业,0,0,0,1
002080.SZ,中材科技,材料,0,0,1,0
002081.SZ,金螳螂,工业,0,0,0,1
002085.SZ,万丰奥威,可选消费,0,0,1,0
002091.SZ,江苏国泰,工业,0,0,0,1
002093.SZ,国脉科技,信息技术,0,0,0,1
002096.SZ,易普力,材料,0,0,0,1
002097.SZ,山河智能,工业,0,0,0,1
002099.SZ,海翔药业,医疗保健,0,0,0,1
002100.SZ,天康生物,日常消费,0,0,0,1
002101.SZ,广东鸿图,可选消费,0,0,0,1
002104.SZ,恒宝股份,信息技术,0,0,0,1
002110.SZ,三钢闽光,材料,0,0,0,1
002120.SZ,韵达股份,工业,0,0,1,0
002121.SZ,科陆电子,工业,0,0,0,1
002123.SZ,梦网科技,信息技术,0,0,0,1
002125.SZ,湘潭电化,材料,0,0,0,1
002126.SZ,银轮股份,可选消费,0,0,1,0
002127.SZ,南极电商,可选消费,0,0,0,1
002128.SZ,电投能源,材料,0,0,1,0
002130.SZ,沃尔核材,工业,0,0,1,0
002131.SZ,利欧股份,通讯服务,0,0,1,0
002138.SZ,顺络电子,信息技术,0,0,1,0
002139.SZ,拓邦股份,信息技术,0,0,0,1
002142.SZ,宁波银行,金融,0,1,0,0
002145.SZ,钛能化学,材料,0,0,0,1
002149.SZ,西部材料,材料,0,0,0,1
002151.SZ,北斗星通,工业,0,0,0,1
002152.SZ,广电运通,信息技术,0,0,1,0
002153.SZ,石基信息,信息技术,0,0,1,0
002155.SZ,湖南黄金,材料,0,0,1,0
002156.SZ,通富微电,信息技术,0,0,1,0
002157.SZ,正邦科技,日常消费,0,0,1,0
002158.SZ,汉钟精机,工业,0,0,0,1
002163.SZ,海南发展,工业,0,0,0,1
002170.SZ,芭田股份,材料,0,0,0,1
002171.SZ,楚江新材,材料,0,0,0,1
002174.SZ,游族网络,通讯服务,0,0,0,1
002176.SZ,江特电机,材料,0,0,0,1
002179.SZ,中航光电,信息技术,0,1,0,0
002182.SZ,宝武镁业,材料,0,0,0,1
002183.SZ,怡亚通,工业,0,0,0,1
002185.SZ,华天科技,信息技术,0,0,1,0
002192.SZ,融捷股份,材料,0,0,0,1
002194.SZ,武汉凡谷,信息技术,0,0,0,1
002195.SZ,岩山科技,信息技术,0,0,1,0
002202.SZ,金风科技,工业,0,0,1,0
002203.SZ,海亮股份,材料,0,0,1,0
002204.SZ,大连重工,工业,0,0,0,1
002212.SZ,天融信,信息技术,0,0,0,1
002215.SZ,诺普信,材料,0,0,0,1
002216.SZ,三全食品,日常消费,0,0,0,1
002219.SZ,新里程,医疗保健,0,0,0,1
002221.SZ,东华能源,能源,0,0,0,1
002222.SZ,福晶科技,信息技术,0,0,0,1
002223.SZ,鱼跃医疗,医疗保健,0,0,1,0
002226.SZ,江南化工,材料,0,0,0,1
002230.SZ,科大讯飞,信息技术,0,1,0,0
002233.SZ,塔牌集团,材料,0,0,0,1
002236.SZ,大华股份,信息技术,0,1,0,0
002237.SZ,恒邦股份,材料,0,0,0,1
002239.SZ,奥特佳,可选消费,0,0,0,1
002241.SZ,歌尔股份,可选消费,0,1,0,0
002242.SZ,九阳股份,可选消费,0,0,0,1
002243.SZ,力合科创,材料,0,0,0,1
002244.SZ,滨江集团,房地产,0,0,1,0
002245.SZ,蔚蓝锂芯,工业,0,0,0,1
002249.SZ,大洋电机,工业,0,0,0,1
002251.SZ,步步高,日常消费,0,0,0,1
002252.SZ,上海莱士,医疗保健,0,1,0,0
002254.SZ,泰和新材,材料,0,0,0,1
002258.SZ,利尔化学,材料,0,0,0,1
002261.SZ,拓维信息,信息技术,0,0,1,0
002262.SZ,恩华药业,医疗保健,0,0,1,0
002265.SZ,建设工业,工业,0,0,1,0
002266.SZ,浙富控股,工业,0,0,1,0
002267.SZ,陕天然气,公用事业,0,0,0,1
002268.SZ,电科网安,信息技术,0,0,0,1
002270.SZ,华明装备,工业,0,0,0,1
002271.SZ,东方雨虹,材料,0,0,1,0
002273.SZ,水晶光电,信息技术,0,0,1,0
002275.SZ,桂林三金,医疗保健,0,0,0,1
002276.SZ,万马股份,工业,0,0,0,1
002281.SZ,光迅科技,信息技术,0,0,1,0
002287.SZ,奇正藏药,医疗保健,0,0,0,1
002292.SZ,奥飞娱乐,可选消费,0,0,0,1
002294.SZ,信立泰,医疗保健,0,0,1,0
002299.SZ,圣农发展,日常消费,0,0,1,0
002302.SZ,西部建设,材料,0,0,0,1
002304.SZ,洋河股份,日常消费,0,1,0,0
002311.SZ,海大集团,日常消费,0,1,0,0
002312.SZ,川发龙蟒,材料,0,0,1,0
002315.SZ,焦点科技,信息技术,0,0,0,1
002317.SZ,众生药业,医疗保健,0,0,0,1
002318.SZ,久立特材,材料,0,0,1,0
002320.SZ,海峡股份,工业,0,0,0,1
002324.SZ,普利特,材料,0,0,0,1
002326.SZ,永太科技,材料,0,0,0,1
002332.SZ,仙琚制药,医疗保健,0,0,0,1
002335.SZ,科华数据,工业,0,0,1,0
002338.SZ,奥普光电,工业,0,0,0,1
002340.SZ,格林美,材料,0,0,1,0
002345.SZ,潮宏基,可选消费,0,0,0,1
002351.SZ,漫步者,可选消费,0,0,0,1
002352.SZ,顺丰控股,工业,0,1,0,0
002353.SZ,杰瑞股份,能源,0,0,1,0
002354.SZ,天娱数科,通讯服务,0,0,0,1
002364.SZ,中恒电气,工业,0,0,0,1
002368.SZ,太极股份,信息技术,0,0,0,1
002371.SZ,北方华创,信息技术,0,1,0,0
002372.SZ,伟星新材,工业,0,0,1,0
002373.SZ,千方科技,信息技术,0,0,0,1
002378.SZ,章源钨业,材料,0,0,0,1
002384.SZ,东山精密,信息技术,0,1,0,0
002385.SZ,大北农,日常消费,0,0,1,0
002389.SZ,航天彩虹,工业,0,0,0,1
002390.SZ,信邦制药,医疗保健,0,0,0,1
002396.SZ,星网锐捷,信息技术,0,0,0,1
002399.SZ,海普瑞,医疗保健,0,0,0,1
002400.SZ,省广集团,通讯服务,0,0,0,1
002402.SZ,和而泰,信息技术,0,0,1,0
002405.SZ,四维图新,信息技术,0,0,0,1
002408.SZ,齐翔腾达,材料,0,0,0,1
002409.SZ,雅克科技,信息技术,0,0,1,0
002410.SZ,广联达,信息技术,0,0,1,0
002414.SZ,高德红外,信息技术,0,0,1,0
002415.SZ,海康威视,信息技术,0,1,0,0
002416.SZ,爱施德,信息技术,0,0,0,1
002421.SZ,达实智能,信息技术,0,0,0,1
002422.SZ,科伦药业,医疗保健,0,1,0,0
002423.SZ,中粮资本,金融,0,0,1,0
002428.SZ,云南锗业,材料,0,0,0,1
002429.SZ,兆驰股份,可选消费,0,0,1,0
002430.SZ,杭氧股份,材料,0,0,1,0
002432.SZ,九安医疗,医疗保健,0,0,1,0
002434.SZ,万里扬,可选消费,0,0,0,1
002436.SZ,兴森科技,信息技术,0,0,1,0
002439.SZ,启明星辰,信息技术,0,0,1,0
002444.SZ,巨星科技,工业,0,0,1,0
002456.SZ,欧菲光,信息技术,0,0,0,1
002458.SZ,益生股份,日常消费,0,0,0,1
002459.SZ,晶澳科技,工业,0,1,0,0
002460.SZ,赣锋锂业,材料,0,1,0,0
002461.SZ,珠江啤酒,日常消费,0,0,1,0
002463.SZ,沪电股份,信息技术,0,1,0,0
002465.SZ,海格通信,信息技术,0,0,1,0
002466.SZ,天齐锂业,材料,0,1,0,0
002468.SZ,申通快递,工业,0,0,0,1
002472.SZ,双环传动,工业,0,0,1,0
002475.SZ,立讯精密,信息技术,0,1,0,0
002484.SZ,江海股份,信息技术,0,0,0,1
002487.SZ,大金重工,工业,0,0,0,1
002488.SZ,金固股份,可选消费,0,0,0,1
002489.SZ,浙江永强,可选消费,0,0,0,1
002493.SZ,荣盛石化,材料,0,1,0,0
002497.SZ,雅化集团,材料,0,0,0,1
002498.SZ,汉缆股份,工业,0,0,0,1
002500.SZ,山西证券,金融,0,0,1,0
002506.SZ,协鑫集成,工业,0,0,0,1
002507.SZ,涪陵榨菜,日常消费,0,0,0,1
002508.SZ,老板电器,可选消费,0,0,1,0
002511.SZ,中顺洁柔,日常消费,0,0,0,1
002516.SZ,旷达科技,可选消费,0,0,0,1
002517.SZ,恺英网络,通讯服务,0,0,1,0
002518.SZ,科士达,工业,0,0,0,1
002531.SZ,天顺风能,工业,0,0,0,1
002532.SZ,天山铝业,材料,0,0,1,0
002534.SZ,西子洁能,工业,0,0,0,1
002536.SZ,飞龙股份,可选消费,0,0,0,1
002537.SZ,海联金汇,可选消费,0,0,0,1
002539.SZ,云图控股,材料,0,0,0,1
002541.SZ,鸿路钢构,工业,0,0,0,1
002543.SZ,万和电气,可选消费,0,0,0,1
002544.SZ,普天科技,信息技术,0,0,0,1
002545.SZ,东方铁塔,材料,0,0,0,1
002550.SZ,千红制药,医疗保健,0,0,0,1
002557.SZ,洽洽食品,日常消费,0,0,0,1
002558.SZ,巨人网络,通讯服务,0,0,1,0
002563.SZ,森马服饰,可选消费,0,0,0,1
002568.SZ,百润股份,日常消费,0,0,1,0
002572.SZ,索菲亚,可选消费,0,0,0,1
002583.SZ,海能达,信息技术,0,0,1,0
002588.SZ,史丹利,材料,0,0,0,1
002594.SZ,比亚迪,可选消费,0,1,0,0
002595.SZ,豪迈科技,工业,0,0,1,0
002597.SZ,金禾实业,日常消费,0,0,0,1
002600.SZ,领益智造,信息技术,0,1,0,0
002601.SZ,龙佰集团,材料,0,1,0,0
002603.SZ,以岭药业,医疗保健,0,0,1,0
002605.SZ,姚记科技,通讯服务,0,0,0,1
002607.SZ,中公教育,可选消费,0,0,1,0
002608.SZ,江苏国信,公用事业,0,0,1,0
002611.SZ,东方精工,工业,0,0,0,1
002612.SZ,朗姿股份,可选消费,0,0,0,1
002617.SZ,露笑科技,工业,0,0,0,1
002624.SZ,完美世界,通讯服务,0,0,1,0
002625.SZ,光启技术,工业,0,1,0,0
002626.SZ,金达威,医疗保健,0,0,0,1
002635.SZ,安洁科技,可选消费,0,0,0,1
002643.SZ,万润股份,材料,0,0,0,1
002648.SZ,卫星化学,材料,0,1,0,0
002649.SZ,博彦科技,信息技术,0,0,0,1
002651.SZ,利君股份,工业,0,0,0,1
002654.SZ,万润科技,通讯服务,0,0,0,1
002668.SZ,TCL智家,可选消费,0,0,0,1
002670.SZ,国盛证券,金融,0,0,1,0
002673.SZ,西部证券,金融,0,0,1,0
002675.SZ,东诚药业,医疗保健,0,0,0,1
002681.SZ,奋达科技,可选消费,0,0,0,1
002683.SZ,广东宏大,材料,0,0,1,0
002690.SZ,美亚光电,工业,0,0,0,1
002697.SZ,红旗连锁,日常消费,0,0,0,1
002698.SZ,博实股份,工业,0,0,0,1
002701.SZ,奥瑞金,材料,0,0,0,1
002705.SZ,新宝股份,可选消费,0,0,0,1
002706.SZ,良信股份,工业,0,0,0,1
002709.SZ,天赐材料,材料,0,1,0,0
002714.SZ,牧原股份,日常消费,0,1,0,0
002716.SZ,湖南白银,材料,0,0,0,1
002727.SZ,一心堂,日常消费,0,0,0,1
002736.SZ,国信证券,金融,0,1,0,0
002737.SZ,葵花药业,医疗保健,0,0,0,1
002738.SZ,中矿资源,材料,0,0,1,0
002739.SZ,儒意电影,通讯服务,0,0,1,0
002745.SZ,木林森,信息技术,0,0,0,1
002747.SZ,埃斯顿,工业,0,0,0,1
002755.SZ,奥赛康,医疗保健,0,0,0,1
002756.SZ,永兴材料,材料,0,0,1,0
002761.SZ,浙江建投,工业,0,0,0,1
002773.SZ,康弘药业,医疗保健,0,0,1,0
002777.SZ,久远银海,信息技术,0,0,0,1
002779.SZ,中坚科技,工业,0,0,0,1
002791.SZ,坚朗五金,工业,0,0,0,1
002797.SZ,第一创业,金融,0,0,1,0
002807.SZ,江阴银行,金融,0,0,0,1
002815.SZ,崇达技术,信息技术,0,0,0,1
002821.SZ,凯莱英,医疗保健,0,0,1,0
002827.SZ,高争民爆,材料,0,0,0,1
002831.SZ,裕同科技,材料,0,0,1,0
002832.SZ,比音勒芬,可选消费,0,0,0,1
002837.SZ,英维克,工业,0,0,1,0
002839.SZ,张家港行,金融,0,0,0,1
002840.SZ,华统股份,日常消费,0,0,0,1
002841.SZ,视源股份,信息技术,0,0,1,0
002847.SZ,盐津铺子,日常消费,0,0,0,1
002850.SZ,科达利,工业,0,0,1,0
002851.SZ,麦格米特,工业,0,0,1,0
002859.SZ,洁美科技,信息技术,0,0,0,1
002867.SZ,周大生,可选消费,0,0,0,1
002881.SZ,美格智能,信息技术,0,0,0,1
002882.SZ,金龙羽,工业,0,0,0,1
002891.SZ,中宠股份,日常消费,0,0,0,1
002892.SZ,科力尔,工业,0,0,0,1
002895.SZ,川恒股份,材料,0,0,0,1
002896.SZ,中大力德,工业,0,0,0,1
002897.SZ,意华股份,工业,0,0,0,1
002901.SZ,大博医疗,医疗保健,0,0,0,1
002906.SZ,华阳集团,可选消费,0,0,0,1
002911.SZ,佛燃能源,公用事业,0,0,0,1
002913.SZ,奥士康,信息技术,0,0,0,1
002916.SZ,深南电路,信息技术,0,1,0,0
002920.SZ,德赛西威,可选消费,0,1,0,0
002925.SZ,盈趣科技,信息技术,0,0,0,1
002926.SZ,华西证券,金融,0,0,1,0
002928.SZ,华夏航空,工业,0,0,0,1
002929.SZ,润建股份,信息技术,0,0,0,1
002936.SZ,郑州银行,金融,0,0,0,1
002938.SZ,鹏鼎控股,信息技术,0,1,0,0
002939.SZ,长城证券,金融,0,0,1,0
002941.SZ,新疆交建,工业,0,0,0,1
002945.SZ,华林证券,金融,0,0,1,0
002946.SZ,新乳业,日常消费,0,0,0,1
002947.SZ,恒铭达,信息技术,0,0,0,1
002948.SZ,青岛银行,金融,0,0,0,1
002958.SZ,青农商行,金融,0,0,1,0
002960.SZ,青鸟智控,信息技术,0,0,0,1
002965.SZ,祥鑫科技,可选消费,0,0,0,1
002966.SZ,苏州银行,金融,0,0,1,0
002967.SZ,广电计量,工业,0,0,0,1
002978.SZ,安宁股份,材料,0,0,0,1
002979.SZ,雷赛智能,工业,0,0,0,1
002984.SZ,森麒麟,可选消费,0,0,1,0
002985.SZ,北摩高科,工业,0,0,0,1
002987.SZ,京北方,信息技术,0,0,0,1
002993.SZ,奥海科技,信息技术,0,0,0,1
003006.SZ,百亚股份,日常消费,0,0,0,1
003012.SZ,东鹏控股,工业,0,0,0,1
003021.SZ,兆威机电,工业,0,0,1,0
003022.SZ,联泓新科,材料,0,0,1,0
003031.SZ,中瓷电子,信息技术,0,0,1,0
003035.SZ,南网能源,公用事业,0,0,1,0
003039.SZ,顺控发展,公用事业,0,0,0,1
003816.SZ,中国广核,公用事业,0,1,0,0
300001.SZ,特锐德,工业,0,0,1,0
300002.SZ,神州泰岳,信息技术,0,0,1,0
300003.SZ,乐普医疗,医疗保健,0,0,1,0
300007.SZ,汉威科技,信息技术,0,0,0,1
300008.SZ,天海防务,工业,0,0,0,1
300009.SZ,安科生物,医疗保健,0,0,0,1
300012.SZ,华测检测,工业,0,0,1,0
300014.SZ,亿纬锂能,工业,0,1,0,0
300015.SZ,爱尔眼科,医疗保健,0,1,0,0
300017.SZ,网宿科技,信息技术,0,0,1,0
300024.SZ,机器人,工业,0,0,1,0
300026.SZ,红日药业,医疗保健,0,0,0,1
300031.SZ,宝通科技,通讯服务,0,0,0,1
300033.SZ,同花顺,信息技术,0,1,0,0
300034.SZ,钢研高纳,材料,0,0,0,1
300035.SZ,中科电气,材料,0,0,0,1
300036.SZ,超图软件,信息技术,0,0,0,1
300037.SZ,新宙邦,材料,0,0,1,0
300045.SZ,华力创通,信息技术,0,0,0,1
300047.SZ,天源迪科,信息技术,0,0,0,1
300049.SZ,福瑞医科,医疗保健,0,0,0,1
300054.SZ,鼎龙股份,信息技术,0,0,1,0
300058.SZ,蓝色光标,通讯服务,0,0,1,0
300059.SZ,东方财富,金融,0,1,0,0
300065.SZ,海兰信,信息技术,0,0,0,1
300070.SZ,碧水源,工业,0,0,1,0
300073.SZ,当升科技,材料,0,0,1,0
300075.SZ,数字政通,信息技术,0,0,0,1
300077.SZ,国民技术,信息技术,0,0,0,1
300079.SZ,数码视讯,信息技术,0,0,0,1
300080.SZ,易成新能,工业,0,0,0,1
300083.SZ,创世纪,工业,0,0,0,1
300085.SZ,银之杰,信息技术,0,0,0,1
300087.SZ,荃银高科,日常消费,0,0,0,1
300088.SZ,长信科技,信息技术,0,0,0,1
300098.SZ,高新兴,信息技术,0,0,0,1
300100.SZ,双林股份,可选消费,0,0,1,0
300101.SZ,振芯科技,工业,0,0,0,1
300102.SZ,乾照光电,信息技术,0,0,0,1
300113.SZ,顺网科技,信息技术,0,0,0,1
300115.SZ,长盈精密,信息技术,0,0,1,0
300119.SZ,瑞普生物,医疗保健,0,0,0,1
300122.SZ,智飞生物,医疗保健,0,1,0,0
300124.SZ,汇川技术,工业,0,1,0,0
300127.SZ,银河磁体,材料,0,0,0,1
300130.SZ,新国都,信息技术,0,0,0,1
300131.SZ,英唐智控,信息技术,0,0,0,1
300133.SZ,华策影视,通讯服务,0,0,0,1
300134.SZ,大富科技,信息技术,0,0,0,1
300136.SZ,信维通信,信息技术,0,0,1,0
300140.SZ,节能环境,工业,0,0,1,0
300142.SZ,沃森生物,医疗保健,0,0,1,0
300144.SZ,宋城演艺,可选消费,0,0,1,0
300146.SZ,汤臣倍健,日常消费,0,0,1,0
300151.SZ,昌红科技,工业,0,0,0,1
300166.SZ,东方国信,信息技术,0,0,0,1
300170.SZ,汉得信息,信息技术,0,0,0,1
300171.SZ,东富龙,工业,0,0,0,1
300180.SZ,华峰超纤,材料,0,0,0,1
300181.SZ,佐力药业,医疗保健,0,0,0,1
300182.SZ,捷成股份,信息技术,0,0,0,1
300183.SZ,东软载波,信息技术,0,0,0,1
300184.SZ,力源信息,信息技术,0,0,0,1
300185.SZ,通裕重工,工业,0,0,0,1
300188.SZ,国投智能,信息技术,0,0,0,1
300199.SZ,翰宇药业,医疗保健,0,0,0,1
300207.SZ,欣旺达,工业,0,0,1,0
300223.SZ,北京君正,信息技术,0,0,1,0
300224.SZ,正海磁材,材料,0,0,0,1
300226.SZ,上海钢联,信息技术,0,0,0,1
300229.SZ,拓尔思,信息技术,0,0,0,1
300232.SZ,洲明科技,信息技术,0,0,0,1
300236.SZ,上海新阳,信息技术,0,0,0,1
300244.SZ,迪安诊断,医疗保健,0,0,0,1
300251.SZ,光线传媒,通讯服务,0,1,0,0
300253.SZ,卫宁健康,信息技术,0,0,0,1
300257.SZ,开山股份,工业,0,0,0,1
300260.SZ,新莱应材,工业,0,0,0,1
300274.SZ,阳光电源,工业,0,1,0,0
300276.SZ,三丰智能,工业,0,0,0,1
300284.SZ,苏交科,工业,0,0,0,1
300285.SZ,国瓷材料,材料,0,0,1,0
300294.SZ,博雅生物,医疗保健,0,0,0,1
300296.SZ,利亚德,信息技术,0,0,0,1
300298.SZ,三诺生物,医疗保健,0,0,0,1
300303.SZ,聚飞光电,信息技术,0,0,0,1
300308.SZ,中际旭创,信息技术,0,1,0,0
300315.SZ,掌趣科技,通讯服务,0,0,0,1
300316.SZ,晶盛机电,工业,0,1,0,0
300319.SZ,麦捷科技,信息技术,0,0,0,1
300323.SZ,华灿光电,信息技术,0,0,0,1
300327.SZ,中颖电子,信息技术,0,0,0,1
300337.SZ,银邦股份,材料,0,0,0,1
300339.SZ,润和软件,信息技术,0,0,1,0
300341.SZ,麦克奥迪,工业,0,0,0,1
300346.SZ,南大光电,信息技术,0,0,1,0
300347.SZ,泰格医药,医疗保健,0,1,0,0
300348.SZ,长亮科技,信息技术,0,0,0,1
300357.SZ,我武生物,医疗保健,0,0,0,1
300360.SZ,炬华科技,工业,0,0,0,1
300363.SZ,博腾股份,医疗保健,0,0,0,1
300373.SZ,扬杰科技,信息技术,0,0,1,0
300378.SZ,鼎捷数智,信息技术,0,0,0,1
300383.SZ,光环新网,信息技术,0,0,1,0
300390.SZ,天华新能,材料,0,0,1,0
300394.SZ,天孚通信,信息技术,0,1,0,0
300395.SZ,菲利华,材料,0,0,1,0
300398.SZ,飞凯材料,材料,0,0,0,1
300401.SZ,花园生物,医疗保健,0,0,0,1
300406.SZ,九强生物,医疗保健,0,0,0,1
300408.SZ,三环集团,信息技术,0,1,0,0
300409.SZ,道氏技术,材料,0,0,0,1
300413.SZ,芒果超媒,通讯服务,0,1,0,0
300415.SZ,伊之密,工业,0,0,0,1
300416.SZ,苏试试验,工业,0,0,0,1
300418.SZ,昆仑万维,通讯服务,0,1,0,0
300428.SZ,立中集团,可选消费,0,0,0,1
300432.SZ,富临精工,可选消费,0,0,1,0
300433.SZ,蓝思科技,信息技术,0,1,0,0
300438.SZ,鹏辉能源,工业,0,0,0,1
300442.SZ,润泽科技,信息技术,0,1,0,0
300443.SZ,金雷股份,工业,0,0,0,1
300446.SZ,航天智造,可选消费,0,0,0,1
300450.SZ,先导智能,工业,0,0,1,0
300451.SZ,创业慧康,信息技术,0,0,0,1
300454.SZ,深信服,信息技术,0,0,1,0
300455.SZ,航天智装,信息技术,0,0,0,1
300456.SZ,赛微电子,信息技术,0,0,0,1
300457.SZ,赢合科技,工业,0,0,0,1
300458.SZ,全志科技,信息技术,0,0,1,0
300459.SZ,汤姆猫,通讯服务,0,0,0,1
300463.SZ,迈克生物,医疗保健,0,0,0,1
300468.SZ,四方精创,信息技术,0,0,0,1
300470.SZ,中密控股,工业,0,0,0,1
300474.SZ,景嘉微,工业,0,0,1,0
300475.SZ,香农芯创,工业,0,0,0,1
300476.SZ,胜宏科技,信息技术,0,1,0,0
300482.SZ,万孚生物,医疗保健,0,0,0,1
300487.SZ,蓝晓科技,材料,0,0,1,0
300492.SZ,华图山鼎,工业,0,0,0,1
300493.SZ,润欣科技,信息技术,0,0,0,1
300496.SZ,中科创达,信息技术,0,0,1,0
300498.SZ,温氏股份,日常消费,0,1,0,0
300502.SZ,新易盛,信息技术,0,1,0,0
300525.SZ,博思软件,信息技术,0,0,0,1
300529.SZ,健帆生物,医疗保健,0,0,1,0
300548.SZ,长芯博创,信息技术,0,0,0,1
300558.SZ,贝达药业,医疗保健,0,0,1,0
300567.SZ,精测电子,信息技术,0,0,1,0
300568.SZ,星源材质,材料,0,0,0,1
300570.SZ,太辰光,信息技术,0,0,1,0
300573.SZ,兴齐眼药,医疗保健,0,0,0,1
300576.SZ,容大感光,材料,0,0,0,1
300579.SZ,数字认证,信息技术,0,0,0,1
300580.SZ,贝斯特,可选消费,0,0,0,1
300593.SZ,新雷能,工业,0,0,0,1
300595.SZ,欧普康视,医疗保健,0,0,0,1
300598.SZ,诚迈科技,工业,0,0,0,1
300601.SZ,康泰生物,医疗保健,0,0,1,0
300602.SZ,飞荣达,信息技术,0,0,0,1
300604.SZ,长川科技,信息技术,0,0,1,0
300607.SZ,拓斯达,工业,0,0,0,1
300613.SZ,富瀚微,信息技术,0,0,0,1
300618.SZ,寒锐钴业,材料,0,0,0,1
300620.SZ,光库科技,信息技术,0,0,0,1
300623.SZ,捷捷微电,信息技术,0,0,1,0
300624.SZ,万兴科技,信息技术,0,0,0,1
300627.SZ,华测导航,信息技术,0,0,1,0
300628.SZ,亿联网络,信息技术,0,1,0,0
300633.SZ,开立医疗,医疗保健,0,0,0,1
300634.SZ,彩讯股份,信息技术,0,0,0,1
300638.SZ,广和通,信息技术,0,0,0,1
300641.SZ,正丹股份,材料,0,0,0,1
300655.SZ,晶瑞电材,信息技术,0,0,0,1
300657.SZ,弘信电子,信息技术,0,0,0,1
300660.SZ,江苏雷利,工业,0,0,0,1
300661.SZ,圣邦股份,信息技术,0,1,0,0
300663.SZ,科蓝软件,信息技术,0,0,0,1
300666.SZ,江丰电子,信息技术,0,0,0,1
300672.SZ,国科微,信息技术,0,0,0,1
300674.SZ,宇信科技,信息技术,0,0,0,1
300676.SZ,华大基因,医疗保健,0,0,1,0
300677.SZ,英科医疗,医疗保健,0,0,1,0
300678.SZ,中科信息,信息技术,0,0,0,1
300679.SZ,电连技术,信息技术,0,0,1,0
300682.SZ,朗新科技,信息技术,0,0,0,1
300685.SZ,艾德生物,医疗保健,0,0,0,1
300687.SZ,赛意信息,信息技术,0,0,0,1
300693.SZ,盛弘股份,工业,0,0,0,1
300699.SZ,光威复材,材料,0,0,1,0
300702.SZ,天宇股份,医疗保健,0,0,0,1
300705.SZ,九典制药,医疗保健,0,0,0,1
300718.SZ,长盛轴承,工业,0,0,1,0
300723.SZ,一品红,医疗保健,0,0,0,1
300724.SZ,捷佳伟创,工业,0,0,1,0
300725.SZ,药石科技,医疗保健,0,0,0,1
300726.SZ,宏达电子,信息技术,0,0,0,1
300735.SZ,光弘科技,信息技术,0,0,1,0
300738.SZ,奥飞数据,信息技术,0,0,0,1
300747.SZ,锐科激光,信息技术,0,0,0,1
300748.SZ,金力永磁,材料,0,0,1,0
300750.SZ,宁德时代,工业,0,1,0,0
300751.SZ,迈为股份,工业,0,0,1,0
300755.SZ,华致酒行,日常消费,0,0,0,1
300757.SZ,罗博特科,工业,0,0,1,0
300759.SZ,康龙化成,医疗保健,0,1,0,0
300760.SZ,迈瑞医疗,医疗保健,0,1,0,0
300761.SZ,立华股份,日常消费,0,0,0,1
300762.SZ,上海瀚讯,信息技术,0,0,0,1
300763.SZ,锦浪科技,工业,0,0,1,0
300768.SZ,迪普科技,信息技术,0,0,0,1
300770.SZ,新媒股份,通讯服务,0,0,0,1
300772.SZ,运达股份,工业,0,0,0,1
300773.SZ,拉卡拉,工业,0,0,0,1
300775.SZ,三角防务,工业,0,0,0,1
300776.SZ,帝尔激光,信息技术,0,0,0,1
300777.SZ,中简科技,材料,0,0,0,1
300779.SZ,惠城环保,工业,0,0,0,1
300782.SZ,卓胜微,信息技术,0,1,0,0
300783.SZ,三只松鼠,日常消费,0,0,0,1
300803.SZ,指南针,信息技术,0,1,0,0
300809.SZ,华辰装备,工业,0,0,0,1
300811.SZ,铂科新材,信息技术,0,0,0,1
300820.SZ,英杰电气,工业,0,0,0,1
300821.SZ,东岳硅材,材料,0,0,0,1
300827.SZ,上能电气,工业,0,0,0,1
300832.SZ,新产业,医疗保健,0,1,0,0
300841.SZ,康华生物,医疗保健,0,0,0,1
300850.SZ,新强联,工业,0,0,0,1
300855.SZ,图南股份,材料,0,0,0,1
300856.SZ,科思股份,材料,0,0,0,1
300857.SZ,协创数据,信息技术,0,0,1,0
300861.SZ,美畅股份,材料,0,0,0,1
300866.SZ,安克创新,信息技术,0,1,0,0
300870.SZ,欧陆通,信息技术,0,0,0,1
300872.SZ,天阳科技,信息技术,0,0,0,1
300888.SZ,稳健医疗,医疗保健,0,0,1,0
300896.SZ,爱美客,医疗保健,0,1,0,0
300910.SZ,瑞丰新材,材料,0,0,0,1
300913.SZ,兆龙互连,信息技术,0,0,0,1
300917.SZ,特发服务,房地产,0,0,0,1
300919.SZ,中伟新材,材料,0,0,1,0
300925.SZ,法本信息,信息技术,0,0,0,1
300926.SZ,博俊科技,可选消费,0,0,0,1
300953.SZ,震裕科技,工业,0,0,0,1
300957.SZ,贝泰妮,日常消费,0,0,1,0
300972.SZ,万辰集团,日常消费,0,0,1,0
300979.SZ,华利集团,可选消费,0,1,0,0
300999.SZ,金龙鱼,日常消费,0,1,0,0
301000.SZ,肇民科技,可选消费,0,0,0,1
301004.SZ,嘉益股份,可选消费,0,0,0,1
301015.SZ,百洋医药,医疗保健,0,0,0,1
301018.SZ,申菱环境,工业,0,0,0,1
301029.SZ,怡合达,信息技术,0,0,0,1
301031.SZ,中熔电气,信息技术,0,0,0,1
301035.SZ,润丰股份,材料,0,0,0,1
301039.SZ,中集车辆,工业,0,0,0,1
301047.SZ,义翘神州,医疗保健,0,0,0,1
301050.SZ,雷电微力,工业,0,0,0,1
301061.SZ,匠心家居,可选消费,0,0,0,1
301071.SZ,力量钻石,材料,0,0,0,1
301078.SZ,孩子王,日常消费,0,0,0,1
301087.SZ,可孚医疗,医疗保健,0,0,0,1
301091.SZ,深城交,工业,0,0,0,1
301095.SZ,广立微,信息技术,0,0,0,1
301101.SZ,明月镜片,医疗保健,0,0,0,1
301109.SZ,军信股份,工业,0,0,0,1
301127.SZ,武汉天源,工业,0,0,0,1
301153.SZ,中科江南,信息技术,0,0,0,1
301155.SZ,海力风电,工业,0,0,0,1
301171.SZ,易点天下,通讯服务,0,0,0,1
301175.SZ,中科环保,工业,0,0,0,1
301177.SZ,迪阿股份,可选消费,0,0,0,1
301200.SZ,大族数控,信息技术,0,0,1,0
301205.SZ,联特科技,信息技术,0,0,0,1
301207.SZ,华兰疫苗,医疗保健,0,0,0,1
301215.SZ,中汽股份,工业,0,0,0,1
301217.SZ,铜冠铜箔,信息技术,0,0,0,1
301219.SZ,腾远钴业,材料,0,0,0,1
301236.SZ,软通动力,信息技术,0,1,0,0
301238.SZ,瑞泰新材,材料,0,0,0,1
301262.SZ,海看股份,通讯服务,0,0,0,1
301263.SZ,泰恩康,医疗保健,0,0,0,1
301267.SZ,华厦眼科,医疗保健,0,0,0,1
301268.SZ,铭利达,信息技术,0,0,0,1
301269.SZ,华大九天,信息技术,0,1,0,0
301275.SZ,汉朔科技,信息技术,0,0,0,1
301291.SZ,明阳电气,工业,0,0,0,1
301293.SZ,三博脑科,医疗保健,0,0,0,1
301297.SZ,富乐德,信息技术,0,0,0,1
301301.SZ,川宁生物,医疗保健,0,0,1,0
301308.SZ,江波龙,信息技术,0,0,1,0
301316.SZ,慧博云通,信息技术,0,0,0,1
301325.SZ,曼恩斯特,信息技术,0,0,0,1
301327.SZ,华宝新能,工业,0,0,0,1
301339.SZ,通行宝,信息技术,0,0,0,1
301345.SZ,涛涛车业,可选消费,0,0,0,1
301358.SZ,湖南裕能,材料,0,0,1,0
301363.SZ,美好医疗,医疗保健,0,0,0,1
301371.SZ,敷尔佳,日常消费,0,0,0,1
301376.SZ,致欧科技,可选消费,0,0,0,1
301377.SZ,鼎泰高科,工业,0,0,0,1
301381.SZ,赛维时代,可选消费,0,0,0,1
301392.SZ,汇成真空,工业,0,0,0,1
301458.SZ,钧崴电子,信息技术,0,0,0,1
301487.SZ,盟固利,材料,0,0,0,1
301498.SZ,乖宝宠物,日常消费,0,0,1,0
301500.SZ,飞南资源,工业,0,0,0,1
301508.SZ,中机认检,工业,0,0,0,1
301510.SZ,固高科技,工业,0,0,0,1
301511.SZ,德福科技,信息技术,0,0,0,1
301522.SZ,上大股份,材料,0,0,0,1
301526.SZ,国际复材,材料,0,0,0,1
301536.SZ,星宸科技,信息技术,0,0,1,0
301550.SZ,斯菱智驱,可选消费,0,0,0,1
301551.SZ,无线传媒,通讯服务,0,0,0,1
301556.SZ,托普云农,信息技术,0,0,0,1
301565.SZ,中仑新材,材料,0,0,0,1
301571.SZ,国科天成,信息技术,0,0,0,1
301589.SZ,诺瓦星云,信息技术,0,0,0,1
301592.SZ,六九一二,信息技术,0,0,0,1
301600.SZ,慧翰股份,可选消费,0,0,0,1
301602.SZ,超研股份,医疗保健,0,0,0,1
301606.SZ,绿联科技,信息技术,0,0,0,1
301611.SZ,珂玛科技,信息技术,0,0,1,0
301622.SZ,英思特,材料,0,0,0,1
301626.SZ,苏州天脉,信息技术,0,0,0,1
301631.SZ,壹连科技,信息技术,0,0,0,1
301658.SZ,首航新能,工业,0,0,0,1
301665.SZ,泰禾股份,材料,0,0,0,1
301678.SZ,新恒汇,信息技术,0,0,0,1
302132.SZ,中航成飞,工业,0,1,0,0
600000.SH,浦发银行,金融,0,1,0,0
600004.SH,白云机场,工业,0,0,1,0
600006.SH,东风股份,可选消费,0,0,0,1
600007.SH,中国国贸,房地产,0,0,1,0
600008.SH,首创环保,公用事业,0,0,1,0
600009.SH,上海机场,工业,0,1,0,0
600010.SH,包钢股份,材料,0,1,0,0
600011.SH,华能国际,公用事业,0,1,0,0
600012.SH,皖通高速,工业,0,0,0,1
600015.SH,华夏银行,金融,0,1,0,0
600016.SH,民生银行,金融,0,1,0,0
600017.SH,日照港,工业,0,0,0,1
600018.SH,上港集团,工业,0,1,0,0
600019.SH,宝钢股份,材料,0,1,0,0
600020.SH,中原高速,工业,0,0,0,1
600021.SH,上海电力,公用事业,0,0,1,0
600022.SH,山东钢铁,材料,0,0,0,1
600023.SH,浙能电力,公用事业,0,1,0,0
600025.SH,华能水电,公用事业,0,1,0,0
600026.SH,中远海能,工业,0,1,0,0
600027.SH,华电国际,公用事业,0,1,0,0
600028.SH,中国石化,能源,1,1,0,0
600029.SH,南方航空,工业,0,1,0,0
600030.SH,中信证券,金融,1,1,0,0
600031.SH,三一重工,工业,1,1,0,0
600032.SH,浙江新能,公用事业,0,0,1,0
600033.SH,福建高速,工业,0,0,0,1
600036.SH,招商银行,金融,1,1,0,0
600037.SH,歌华有线,通讯服务,0,0,0,1
600038.SH,中直股份,工业,0,0,1,0
600039.SH,四川路桥,工业,0,1,0,0
600048.SH,保利发展,房地产,0,1,0,0
600050.SH,中国联通,通讯服务,1,1,0,0
600055.SH,万东医疗,医疗保健,0,0,0,1
600056.SH,中国医药,医疗保健,0,0,0,1
600057.SH,厦门象屿,工业,0,0,0,1
600058.SH,五矿发展,工业,0,0,0,1
600059.SH,古越龙山,日常消费,0,0,0,1
600060.SH,海信视像,可选消费,0,0,1,0
600061.SH,国投资本,金融,0,1,0,0
600062.SH,华润双鹤,医疗保健,0,0,1,0
600063.SH,皖维高新,材料,0,0,0,1
600064.SH,南京高科,房地产,0,0,0,1
600066.SH,宇通客车,可选消费,0,1,0,0
600072.SH,中船科技,工业,0,0,0,1
600075.SH,新疆天业,材料,0,0,0,1
600085.SH,同仁堂,医疗保健,0,1,0,0
600089.SH,特变电工,工业,0,1,0,0
600094.SH,大名城,房地产,0,0,0,1
600095.SH,湘财股份,金融,0,0,1,0
600096.SH,云天化,材料,0,0,1,0
600098.SH,广州发展,公用事业,0,0,1,0
600100.SH,同方股份,信息技术,0,0,0,1
600104.SH,上汽集团,可选消费,1,1,0,0
600105.SH,永鼎股份,信息技术,0,0,0,1
600109.SH,国金证券,金融,0,0,1,0
600111.SH,北方稀土,材料,1,1,0,0
600113.SH,浙江东日,工业,0,0,0,1
600114.SH,东睦股份,工业,0,0,0,1
600115.SH,中国东航,工业,0,1,0,0
600116.SH,三峡水利,公用事业,0,0,0,1
600118.SH,中国卫星,工业,0,0,1,0
600120.SH,浙江东方,金融,0,0,0,1
600123.SH,兰花科创,能源,0,0,0,1
600125.SH,铁龙物流,工业,0,0,0,1
600126.SH,杭钢股份,材料,0,0,1,0
600129.SH,太极集团,医疗保健,0,0,0,1
600131.SH,国网信通,信息技术,0,0,1,0
600132.SH,重庆啤酒,日常消费,0,0,1,0
600133.SH,东湖高新,工业,0,0,0,1
600141.SH,兴发集团,材料,0,0,1,0
600143.SH,金发科技,材料,0,0,1,0
600150.SH,中国船舶,工业,1,1,0,0
600151.SH,航天机电,可选消费,0,0,0,1
600153.SH,建发股份,工业,0,0,1,0
600155.SH,华创云信,金融,0,0,0,1
600157.SH,永泰能源,公用事业,0,0,1,0
600158.SH,中体产业,可选消费,0,0,0,1
600160.SH,巨化股份,材料,0,1,0,0
600161.SH,天坛生物,医疗保健,0,1,0,0
600163.SH,中闽能源,公用事业,0,0,0,1
600166.SH,福田汽车,可选消费,0,0,1,0
600167.SH,联美控股,公用事业,0,0,0,1
600170.SH,上海建工,工业,0,0,1,0
600171.SH,上海贝岭,信息技术,0,0,1,0
600176.SH,中国巨石,材料,0,1,0,0
600177.SH,雅戈尔,可选消费,0,0,1,0
600179.SH,安通控股,工业,0,0,0,1
600183.SH,生益科技,信息技术,0,1,0,0
600185.SH,珠免集团,可选消费,0,0,0,1
600186.SH,莲花控股,日常消费,0,0,0,1
600188.SH,兖矿能源,能源,0,1,0,0
600196.SH,复星医药,医疗保健,0,1,0,0
600197.SH,伊力特,日常消费,0,0,0,1
600201.SH,生物股份,医疗保健,0,0,0,1
600206.SH,有研新材,材料,0,0,0,1
600208.SH,衢州发展,房地产,0,0,1,0
600210.SH,紫江企业,材料,0,0,0,1
600211.SH,西藏药业,医疗保健,0,0,0,1
600216.SH,浙江医药,医疗保健,0,0,0,1
600217.SH,中再资环,工业,0,0,0,1
600219.SH,南山铝业,材料,0,1,0,0
600223.SH,福瑞达,日常消费,0,0,0,1
600226.SH,亨通股份,材料,0,0,0,1
600233.SH,圆通速递,工业,0,1,0,0
600246.SH,万通发展,房地产,0,0,0,1
600248.SH,陕建股份,工业,0,0,0,1
600252.SH,中恒集团,医疗保健,0,0,0,1
600258.SH,首旅酒店,可选消费,0,0,0,1
600259.SH,中稀有色,材料,0,0,0,1
600266.SH,城建发展,房地产,0,0,0,1
600267.SH,海正药业,医疗保健,0,0,0,1
600269.SH,赣粤高速,工业,0,0,0,1
600273.SH,嘉化能源,材料,0,0,0,1
600276.SH,恒瑞医药,医疗保健,1,1,0,0
600282.SH,南钢股份,材料,0,0,1,0
600285.SH,羚锐制药,医疗保健,0,0,0,1
600292.SH,电投水电,工业,0,0,0,1
600295.SH,鄂尔多斯,材料,0,0,1,0
600298.SH,安琪酵母,日常消费,0,0,1,0
600299.SH,安迪苏,医疗保健,0,0,1,0
600301.SH,华锡有色,材料,0,0,0,1
600305.SH,恒顺醋业,日常消费,0,0,0,1
600309.SH,万华化学,材料,1,1,0,0
600312.SH,平高电气,工业,0,0,1,0
600315.SH,上海家化,日常消费,0,0,0,1
600316.SH,洪都航空,工业,0,0,1,0
600320.SH,振华重工,工业,0,0,0,1
600323.SH,瀚蓝环境,工业,0,0,0,1
600325.SH,华发股份,房地产,0,0,0,1
600328.SH,中盐化工,材料,0,0,0,1
600329.SH,达仁堂,医疗保健,0,0,1,0
600330.SH,天通股份,材料,0,0,0,1
600331.SH,宏达股份,材料,0,0,0,1
600332.SH,白云山,医疗保健,0,0,1,0
600335.SH,国机汽车,可选消费,0,0,0,1
600338.SH,西藏珠峰,材料,0,0,0,1
600339.SH,中油工程,能源,0,0,1,0
600346.SH,恒力石化,能源,0,1,0,0
600348.SH,华阳股份,能源,0,0,1,0
600352.SH,浙江龙盛,材料,0,0,1,0
600353.SH,旭光电子,信息技术,0,0,0,1
600361.SH,创新新材,材料,0,0,0,1
600362.SH,江西铜业,材料,0,1,0,0
600363.SH,联创光电,信息技术,0,0,1,0
600366.SH,宁波韵升,材料,0,0,0,1
600369.SH,西南证券,金融,0,0,1,0
600372.SH,中航机载,工业,0,1,0,0
600373.SH,中文传媒,通讯服务,0,0,0,1
600377.SH,宁沪高速,工业,0,1,0,0
600378.SH,昊华科技,材料,0,0,1,0
600380.SH,健康元,医疗保健,0,0,1,0
600388.SH,龙净环保,工业,0,0,0,1
600389.SH,江山股份,材料,0,0,0,1
600390.SH,五矿资本,金融,0,0,1,0
600392.SH,盛和资源,材料,0,0,1,0
600395.SH,盘江股份,能源,0,0,0,1
600398.SH,海澜之家,可选消费,0,0,1,0
600399.SH,抚顺特钢,材料,0,0,0,1
600403.SH,大有能源,能源,0,0,0,1
600406.SH,国电南瑞,工业,1,1,0,0
600409.SH,三友化工,材料,0,0,0,1
600415.SH,小商品城,工业,0,1,0,0
600416.SH,湘电股份,工业,0,0,0,1
600420.SH,国药现代,医疗保健,0,0,0,1
600422.SH,昆药集团,医疗保健,0,0,0,1
600426.SH,华鲁恒升,材料,0,1,0,0
600428.SH,中远海特,工业,0,0,0,1
600435.SH,北方导航,工业,0,0,1,0
600436.SH,片仔癀,医疗保健,0,1,0,0
600438.SH,通威股份,工业,0,1,0,0
600446.SH,金证股份,信息技术,0,0,0,1
600452.SH,涪陵电力,公用事业,0,0,0,1
600456.SH,宝钛股份,材料,0,0,0,1
600458.SH,时代新材,材料,0,0,0,1
600459.SH,贵研铂业,材料,0,0,0,1
600460.SH,士兰微,信息技术,0,1,0,0
600461.SH,洪城环境,公用事业,0,0,0,1
600475.SH,华光环能,工业,0,0,0,1
600478.SH,科力远,工业,0,0,0,1
600480.SH,凌云股份,可选消费,0,0,0,1
600482.SH,中国动力,工业,0,1,0,0
600483.SH,福能股份,公用事业,0,0,1,0
600486.SH,扬农化工,材料,0,0,1,0
600487.SH,亨通光电,信息技术,0,0,1,0
600489.SH,中金黄金,材料,0,1,0,0
600490.SH,鹏欣资源,材料,0,0,0,1
600497.SH,驰宏锌锗,材料,0,0,1,0
600498.SH,烽火通信,信息技术,0,0,1,0
600499.SH,科达制造,工业,0,0,1,0
600502.SH,安徽建工,工业,0,0,0,1
600507.SH,方大特钢,材料,0,0,0,1
600508.SH,上海能源,能源,0,0,0,1
600509.SH,天富能源,公用事业,0,0,0,1
600511.SH,国药股份,医疗保健,0,0,1,0
600515.SH,海南机场,房地产,0,1,0,0
600516.SH,方大炭素,材料,0,0,1,0
600517.SH,国网英大,工业,0,0,1,0
600519.SH,贵州茅台,日常消费,1,1,0,0
600521.SH,华海药业,医疗保健,0,0,1,0
600522.SH,中天科技,信息技术,0,1,0,0
600528.SH,中铁工业,工业,0,0,1,0
600529.SH,山东药玻,医疗保健,0,0,0,1
600531.SH,豫光金铅,材料,0,0,0,1
600535.SH,天士力,医疗保健,0,0,1,0
600536.SH,中国软件,信息技术,0,0,1,0
600546.SH,山煤国际,能源,0,0,1,0
600547.SH,山东黄金,材料,0,1,0,0
600549.SH,厦门钨业,材料,0,0,1,0
600550.SH,保变电气,工业,0,0,0,1
600552.SH,凯盛科技,信息技术,0,0,0,1
600556.SH,天下秀,信息技术,0,0,0,1
600557.SH,康缘药业,医疗保健,0,0,0,1
600559.SH,老白干酒,日常消费,0,0,0,1
600562.SH,国睿科技,工业,0,0,1,0
600563.SH,法拉电子,信息技术,0,0,1,0
600566.SH,济川药业,医疗保健,0,0,1,0
600570.SH,恒生电子,信息技术,0,1,0,0
600572.SH,康恩贝,医疗保健,0,0,0,1
600575.SH,淮河能源,工业,0,0,0,1
600577.SH,精达股份,工业,0,0,0,1
600578.SH,京能电力,公用事业,0,0,1,0
600580.SH,卧龙电驱,工业,0,0,1,0
600582.SH,天地科技,工业,0,0,1,0
600583.SH,海油工程,能源,0,0,1,0
600584.SH,长电科技,信息技术,0,1,0,0
600585.SH,海螺水泥,材料,0,1,0,0
600586.SH,金晶科技,材料,0,0,0,1
600587.SH,新华医疗,医疗保健,0,0,0,1
600588.SH,用友网络,信息技术,0,1,0,0
600595.SH,中孚实业,材料,0,0,0,1
600596.SH,新安股份,材料,0,0,0,1
600597.SH,光明乳业,日常消费,0,0,0,1
600598.SH,北大荒,日常消费,0,0,1,0
600600.SH,青岛啤酒,日常消费,0,1,0,0
600601.SH,方正科技,信息技术,0,0,1,0
600602.SH,云赛智联,信息技术,0,0,1,0
600606.SH,绿地控股,房地产,0,0,1,0
600612.SH,老凤祥,可选消费,0,0,0,1
600618.SH,氯碱化工,材料,0,0,0,1
600619.SH,海立股份,工业,0,0,0,1
600621.SH,华鑫股份,金融,0,0,0,1
600623.SH,华谊集团,材料,0,0,0,1
600629.SH,华建集团,工业,0,0,0,1
600633.SH,浙数文化,信息技术,0,0,0,1
600635.SH,大众公用,公用事业,0,0,0,1
600637.SH,东方明珠,通讯服务,0,0,1,0
600639.SH,浦东金桥,房地产,0,0,0,1
600640.SH,国脉文化,信息技术,0,0,0,1
600641.SH,先导基电,房地产,0,0,0,1
600642.SH,申能股份,公用事业,0,0,1,0
600643.SH,爱建集团,金融,0,0,0,1
600645.SH,中源协和,医疗保健,0,0,0,1
600649.SH,城投控股,房地产,0,0,0,1
600651.SH,飞乐音响,可选消费,0,0,0,1
600654.SH,中安科,信息技术,0,0,0,1
600655.SH,豫园股份,可选消费,0,0,1,0
600657.SH,信达地产,房地产,0,0,0,1
600660.SH,福耀玻璃,可选消费,0,1,0,0
600662.SH,外服控股,工业,0,0,0,1
600663.SH,陆家嘴,房地产,0,0,1,0
600664.SH,哈药股份,医疗保健,0,0,0,1
600667.SH,太极实业,工业,0,0,0,1
600673.SH,东阳光,材料,0,0,1,0
600674.SH,川投能源,公用事业,0,1,0,0
600675.SH,中华企业,房地产,0,0,0,1
600682.SH,南京新百,医疗保健,0,0,0,1
600685.SH,中船防务,工业,0,0,1,0
600686.SH,金龙汽车,可选消费,0,0,0,1
600688.SH,上海石化,能源,0,0,1,0
600690.SH,海尔智家,可选消费,1,1,0,0
600699.SH,均胜电子,可选消费,0,0,1,0
600704.SH,物产中大,工业,0,0,1,0
600707.SH,彩虹股份,信息技术,0,0,1,0
600710.SH,苏美达,工业,0,0,0,1
600717.SH,天津港,工业,0,0,0,1
600718.SH,东软集团,信息技术,0,0,0,1
600720.SH,中交设计,信息技术,0,0,1,0
600726.SH,华电能源,公用事业,0,0,0,1
600728.SH,佳都科技,信息技术,0,0,0,1
600729.SH,重百集团,可选消费,0,0,0,1
600737.SH,中粮糖业,日常消费,0,0,1,0
600739.SH,辽宁成大,可选消费,0,0,1,0
600740.SH,山西焦化,能源,0,0,0,1
600741.SH,华域汽车,可选消费,0,1,0,0
600744.SH,华银电力,公用事业,0,0,0,1
600746.SH,江苏索普,材料,0,0,0,1
600750.SH,华润江中,医疗保健,0,0,0,1
600751.SH,海航科技,工业,0,0,0,1
600754.SH,锦江酒店,可选消费,0,0,1,0
600757.SH,长江传媒,通讯服务,0,0,0,1
600760.SH,中航沈飞,工业,1,1,0,0
600761.SH,安徽合力,工业,0,0,0,1
600763.SH,通策医疗,医疗保健,0,0,1,0
600764.SH,中国海防,工业,0,0,1,0
600765.SH,中航重机,工业,0,0,1,0
600771.SH,广誉远,医疗保健,0,0,0,1
600773.SH,西藏城投,房地产,0,0,0,1
600776.SH,东方通信,信息技术,0,0,0,1
600782.SH,新钢股份,材料,0,0,0,1
600783.SH,鲁信创投,金融,0,0,0,1
600787.SH,中储股份,工业,0,0,0,1
600789.SH,鲁抗医药,医疗保健,0,0,0,1
600795.SH,国电电力,公用事业,0,1,0,0
600801.SH,华新建材,材料,0,0,1,0
600803.SH,新奥股份,公用事业,0,1,0,0
600808.SH,马钢股份,材料,0,0,1,0
600809.SH,山西汾酒,日常消费,1,1,0,0
600810.SH,神马股份,材料,0,0,0,1
600812.SH,华北制药,医疗保健,0,0,0,1
600816.SH,建元信托,金融,0,0,1,0
600820.SH,隧道股份,工业,0,0,1,0
600821.SH,金开新能,公用事业,0,0,0,1
600827.SH,百联股份,可选消费,0,0,0,1
600835.SH,上海机电,工业,0,0,0,1
600845.SH,宝信软件,信息技术,0,1,0,0
600848.SH,上海临港,房地产,0,0,1,0
600850.SH,电科数字,信息技术,0,0,0,1
600859.SH,王府井,可选消费,0,0,0,1
600861.SH,北京人力,工业,0,0,0,1
600862.SH,中航高科,工业,0,0,1,0
600863.SH,华能蒙电,公用事业,0,0,1,0
600864.SH,哈投股份,金融,0,0,0,1
600866.SH,星湖科技,日常消费,0,0,0,1
600867.SH,通化东宝,医疗保健,0,0,0,1
600869.SH,远东股份,工业,0,0,0,1
600871.SH,石化油服,能源,0,0,1,0
600872.SH,中炬高新,日常消费,0,0,0,1
600873.SH,梅花生物,日常消费,0,0,1,0
600875.SH,东方电气,工业,0,1,0,0
600877.SH,电科芯片,信息技术,0,0,0,1
600879.SH,航天电子,工业,0,0,1,0
600882.SH,妙可蓝多,日常消费,0,0,0,1
600884.SH,杉杉股份,材料,0,0,1,0
600885.SH,宏发股份,工业,0,0,1,0
600886.SH,国投电力,公用事业,0,1,0,0
600887.SH,伊利股份,日常消费,1,1,0,0
600888.SH,新疆众和,材料,0,0,0,1
600893.SH,航发动力,工业,0,1,0,0
600894.SH,广日股份,工业,0,0,0,1
600900.SH,长江电力,公用事业,1,1,0,0
600901.SH,江苏金租,金融,0,0,1,0
600903.SH,贵州燃气,公用事业,0,0,0,1
600905.SH,三峡能源,公用事业,0,1,0,0
600906.SH,财达证券,金融,0,0,1,0
600908.SH,无锡银行,金融,0,0,0,1
600909.SH,华安证券,金融,0,0,1,0
600916.SH,中国黄金,可选消费,0,0,0,1
600918.SH,中泰证券,金融,0,1,0,0
600919.SH,江苏银行,金融,0,1,0,0
600926.SH,杭州银行,金融,0,1,0,0
600927.SH,永安期货,金融,0,0,1,0
600928.SH,西安银行,金融,0,0,0,1
600929.SH,雪天盐业,日常消费,0,0,0,1
600930.SH,华电新能,公用事业,1,1,0,0
600933.SH,爱柯迪,可选消费,0,0,0,1
600938.SH,中国海油,能源,0,1,0,0
600941.SH,中国移动,通讯服务,0,1,0,0
600958.SH,东方证券,金融,0,1,0,0
600959.SH,江苏有线,通讯服务,0,0,1,0
600961.SH,株冶集团,材料,0,0,0,1
600963.SH,岳阳林纸,材料,0,0,0,1
600967.SH,内蒙一机,工业,0,0,1,0
600968.SH,海油发展,能源,0,0,1,0
600970.SH,中材国际,工业,0,0,1,0
600971.SH,恒源煤电,能源,0,0,0,1
600975.SH,新五丰,日常消费,0,0,0,1
600977.SH,中国电影,通讯服务,0,0,1,0
600985.SH,淮北矿业,能源,0,0,1,0
600986.SH,浙文互联,通讯服务,0,0,0,1
600988.SH,赤峰黄金,材料,0,0,1,0
600989.SH,宝丰能源,材料,0,1,0,0
600993.SH,马应龙,医疗保健,0,0,0,1
600995.SH,南网储能,公用事业,0,0,1,0
600996.SH,贵广网络,通讯服务,0,0,0,1
600997.SH,开滦股份,能源,0,0,0,1
600998.SH,九州通,医疗保健,0,0,1,0
600999.SH,招商证券,金融,0,1,0,0
601000.SH,唐山港,工业,0,0,1,0
601001.SH,晋控煤业,能源,0,0,1,0
601003.SH,柳钢股份,材料,0,0,0,1
601006.SH,大秦铁路,工业,0,1,0,0
601009.SH,南京银行,金融,0,1,0,0
601012.SH,隆基绿能,工业,1,1,0,0
601016.SH,节能风电,公用事业,0,0,1,0
601018.SH,宁波港,工业,0,1,0,0
601019.SH,山东出版,通讯服务,0,0,1,0
601020.SH,华钰矿业,材料,0,0,0,1
601021.SH,春秋航空,工业,0,1,0,0
601022.SH,宁波远洋,工业,0,0,0,1
601033.SH,永兴股份,工业,0,0,0,1
601038.SH,一拖股份,工业,0,0,0,1
601058.SH,赛轮轮胎,可选消费,0,1,0,0
601059.SH,信达证券,金融,0,1,0,0
601061.SH,中信金属,工业,0,0,1,0
601066.SH,中信建投,金融,0,1,0,0
601068.SH,中铝国际,工业,0,0,0,1
601069.SH,西部黄金,材料,0,0,0,1
601077.SH,渝农商行,金融,0,1,0,0
601083.SH,锦江航运,工业,0,0,0,1
601088.SH,中国神华,能源,1,1,0,0
601089.SH,福元医药,医疗保健,0,0,0,1
601096.SH,宏盛华源,工业,0,0,0,1
601098.SH,中南传媒,通讯服务,0,0,1,0
601099.SH,太平洋,金融,0,0,1,0
601100.SH,恒立液压,工业,0,1,0,0
601101.SH,昊华能源,能源,0,0,0,1
601106.SH,中国一重,工业,0,0,1,0
601107.SH,四川成渝,工业,0,0,0,1
601108.SH,财通证券,金融,0,0,1,0
601111.SH,中国国航,工业,0,1,0,0
601117.SH,中国化学,工业,0,1,0,0
601118.SH,海南橡胶,材料,0,0,1,0
601126.SH,四方股份,工业,0,0,0,1
601127.SH,赛力斯,可选消费,1,1,0,0
601128.SH,常熟银行,金融,0,0,1,0
601136.SH,首创证券,金融,0,1,0,0
601137.SH,博威合金,材料,0,0,0,1
601138.SH,工业富联,信息技术,0,1,0,0
601139.SH,深圳燃气,公用事业,0,0,1,0
601155.SH,新城控股,房地产,0,0,1,0
601156.SH,东航物流,工业,0,0,1,0
601162.SH,天风证券,金融,0,0,1,0
601163.SH,三角轮胎,可选消费,0,0,0,1
601166.SH,兴业银行,金融,1,1,0,0
601168.SH,西部矿业,材料,0,0,1,0
601169.SH,北京银行,金融,0,1,0,0
601179.SH,中国西电,工业,0,0,1,0
601186.SH,中国铁建,工业,0,1,0,0
601187.SH,厦门银行,金融,0,0,0,1
601198.SH,东兴证券,金融,0,0,1,0
601200.SH,上海环境,工业,0,0,0,1
601208.SH,东材科技,材料,0,0,0,1
601211.SH,国泰海通,金融,1,1,0,0
601212.SH,白银有色,材料,0,0,1,0
601216.SH,君正集团,材料,0,0,1,0
601222.SH,林洋能源,工业,0,0,0,1
601225.SH,陕西煤业,能源,1,1,0,0
601228.SH,广州港,工业,0,0,1,0
601229.SH,上海银行,金融,0,1,0,0
601231.SH,环旭电子,信息技术,0,0,1,0
601233.SH,桐昆股份,材料,0,0,1,0
601236.SH,红塔证券,金融,0,1,0,0
601238.SH,广汽集团,可选消费,0,1,0,0
601288.SH,农业银行,金融,1,1,0,0
601298.SH,青岛港,工业,0,1,0,0
601311.SH,骆驼股份,工业,0,0,0,1
601318.SH,中国平安,金融,1,1,0,0
601319.SH,中国人保,金融,0,1,0,0
601326.SH,秦港股份,工业,0,0,0,1
601328.SH,交通银行,金融,1,1,0,0
601333.SH,广深铁路,工业,0,0,1,0
601336.SH,新华保险,金融,0,1,0,0
601360.SH,三六零,信息技术,0,1,0,0
601369.SH,陕鼓动力,工业,0,0,0,1
601375.SH,中原证券,金融,0,0,0,1
601377.SH,兴业证券,金融,0,1,0,0
601390.SH,中国中铁,工业,0,1,0,0
601398.SH,工商银行,金融,1,1,0,0
601399.SH,国机重装,工业,0,0,1,0
601456.SH,国联民生,金融,0,1,0,0
601500.SH,通用股份,可选消费,0,0,0,1
601519.SH,大智慧,信息技术,0,0,0,1
601528.SH,瑞丰银行,金融,0,0,0,1
601555.SH,东吴证券,金融,0,0,1,0
601567.SH,三星电气,工业,0,0,1,0
601577.SH,长沙银行,金融,0,0,1,0
601595.SH,上海电影,通讯服务,0,0,0,1
601598.SH,中国外运,工业,0,0,1,0
601600.SH,中国铝业,材料,0,1,0,0
601601.SH,中国太保,金融,1,1,0,0
601606.SH,长城军工,工业,0,0,0,1
601607.SH,上海医药,医疗保健,0,1,0,0
601608.SH,中信重工,工业,0,0,1,0
601609.SH,金田股份,材料,0,0,0,1
601611.SH,中国核建,工业,0,0,1,0
601615.SH,明阳智能,工业,0,0,1,0
601618.SH,中国中冶,工业,0,1,0,0
601619.SH,嘉泽新能,公用事业,0,0,0,1
601628.SH,中国人寿,金融,1,1,0,0
601633.SH,长城汽车,可选消费,0,1,0,0
601636.SH,旗滨集团,材料,0,0,0,1
601658.SH,邮储银行,金融,1,1,0,0
601665.SH,齐鲁银行,金融,0,0,1,0
601666.SH,平煤股份,能源,0,0,1,0
601668.SH,中国建筑,工业,1,1,0,0
601669.SH,中国电建,工业,0,1,0,0
601677.SH,明泰铝业,材料,0,0,0,1
601678.SH,滨化股份,材料,0,0,0,1
601688.SH,华泰证券,金融,0,1,0,0
601689.SH,拓普集团,可选消费,0,1,0,0
601696.SH,中银证券,金融,0,0,1,0
601698.SH,中国卫通,通讯服务,0,1,0,0
601699.SH,潞安环能,能源,0,0,1,0
601702.SH,华峰铝业,材料,0,0,0,1
601717.SH,中创智领,工业,0,0,1,0
601728.SH,中国电信,通讯服务,1,1,0,0
601766.SH,中国中车,工业,0,1,0,0
601777.SH,千里科技,可选消费,0,0,0,1
601778.SH,晶科科技,公用事业,0,0,0,1
601788.SH,光大证券,金融,0,1,0,0
601799.SH,星宇股份,可选消费,0,0,1,0
601800.SH,中国交建,工业,0,1,0,0
601801.SH,皖新传媒,通讯服务,0,0,0,1
601808.SH,中海油服,能源,0,1,0,0
601811.SH,新华文轩,通讯服务,0,0,0,1
601816.SH,京沪高铁,工业,1,1,0,0
601818.SH,光大银行,金融,0,1,0,0
601825.SH,沪农商行,金融,0,1,0,0
601838.SH,成都银行,金融,0,1,0,0
601857.SH,中国石油,能源,1,1,0,0
601858.SH,中国科传,通讯服务,0,0,0,1
601860.SH,紫金银行,金融,0,0,0,1
601865.SH,福莱特,工业,0,0,1,0
601866.SH,中远海发,工业,0,0,1,0
601868.SH,中国能建,工业,0,1,0,0
601869.SH,长飞光纤,信息技术,0,0,0,1
601872.SH,招商轮船,工业,0,1,0,0
601877.SH,正泰电器,工业,0,1,0,0
601878.SH,浙商证券,金融,0,1,0,0
601880.SH,辽港股份,工业,0,0,1,0
601881.SH,中国银河,金融,0,1,0,0
601882.SH,海天精工,工业,0,0,0,1
601888.SH,中国中免,可选消费,1,1,0,0
601890.SH,亚星锚链,工业,0,0,0,1
601898.SH,中煤能源,能源,0,1,0,0
601899.SH,紫金矿业,材料,1,1,0,0
601900.SH,南方传媒,通讯服务,0,0,0,1
601901.SH,方正证券,金融,0,1,0,0
601908.SH,京运通,工业,0,0,0,1
601916.SH,浙商银行,金融,0,1,0,0
601918.SH,新集能源,能源,0,0,1,0
601919.SH,中远海控,工业,1,1,0,0
601921.SH,浙版传媒,通讯服务,0,0,1,0
601928.SH,凤凰传媒,通讯服务,0,0,1,0
601939.SH,建设银行,金融,0,1,0,0
601949.SH,中国出版,通讯服务,0,0,0,1
601952.SH,苏垦农发,日常消费,0,0,0,1
601958.SH,金钼股份,材料,0,0,1,0
601963.SH,重庆银行,金融,0,0,0,1
601965.SH,中国汽研,工业,0,0,1,0
601966.SH,玲珑轮胎,可选消费,0,0,1,0
601969.SH,海南矿业,材料,0,0,0,1
601975.SH,招商南油,工业,0,0,0,1
601985.SH,中国核电,公用事业,1,1,0,0
601988.SH,中国银行,金融,1,1,0,0
601990.SH,南京证券,金融,0,0,1,0
601991.SH,大唐发电,公用事业,0,0,1,0
601995.SH,中金公司,金融,0,1,0,0
601997.SH,贵阳银行,金融,0,0,1,0
601998.SH,中信银行,金融,0,1,0,0
603000.SH,人民网,通讯服务,0,0,1,0
603005.SH,晶方科技,信息技术,0,0,0,1
603009.SH,北特科技,可选消费,0,0,0,1
603013.SH,亚普股份,可选消费,0,0,0,1
603014.SH,威高血净,医疗保健,0,0,0,1
603019.SH,中科曙光,信息技术,1,1,0,0
603025.SH,大豪科技,工业,0,0,0,1
603026.SH,石大胜华,材料,0,0,0,1
603027.SH,千禾味业,日常消费,0,0,0,1
603033.SH,三维股份,材料,0,0,0,1
603039.SH,泛微网络,信息技术,0,0,0,1
603043.SH,广州酒家,日常消费,0,0,0,1
603049.SH,中策橡胶,可选消费,0,0,1,0
603055.SH,台华新材,材料,0,0,0,1
603057.SH,紫燕食品,日常消费,0,0,0,1
603063.SH,禾望电气,工业,0,0,0,1
603072.SH,天和磁材,材料,0,0,0,1
603077.SH,和邦生物,材料,0,0,1,0
603083.SH,剑桥科技,信息技术,0,0,0,1
603087.SH,甘李药业,医疗保健,0,0,1,0
603093.SH,南华期货,金融,0,0,0,1
603099.SH,长白山,可选消费,0,0,0,1
603100.SH,川仪股份,信息技术,0,0,0,1
603103.SH,横店影视,通讯服务,0,0,0,1
603108.SH,润达医疗,医疗保健,0,0,0,1
603118.SH,共进股份,信息技术,0,0,0,1
603119.SH,浙江荣泰,可选消费,0,0,0,1
603127.SH,昭衍新药,医疗保健,0,0,0,1
603128.SH,华贸物流,工业,0,0,0,1
603129.SH,春风动力,可选消费,0,0,1,0
603156.SH,养元饮品,日常消费,0,0,1,0
603160.SH,汇顶科技,信息技术,0,0,1,0
603162.SH,海通发展,工业,0,0,0,1
603169.SH,兰石重装,工业,0,0,0,1
603171.SH,税友股份,信息技术,0,0,0,1
603179.SH,新泉股份,可选消费,0,0,1,0
603193.SH,润本股份,日常消费,0,0,0,1
603194.SH,中力股份,工业,0,0,0,1
603195.SH,公牛集团,工业,0,1,0,0
603197.SH,保隆科技,可选消费,0,0,0,1
603202.SH,天有为,可选消费,0,0,0,1
603218.SH,日月股份,工业,0,0,0,1
603219.SH,富佳股份,可选消费,0,0,0,1
603220.SH,中贝通信,信息技术,0,0,0,1
603225.SH,新凤鸣,材料,0,0,1,0
603227.SH,雪峰科技,材料,0,0,0,1
603228.SH,景旺电子,信息技术,0,0,1,0
603229.SH,奥翔药业,医疗保健,0,0,0,1
603233.SH,大参林,日常消费,0,0,1,0
603236.SH,移远通信,信息技术,0,0,0,1
603256.SH,宏和科技,工业,0,0,0,1
603259.SH,药明康德,医疗保健,1,1,0,0
603260.SH,合盛硅业,材料,0,1,0,0
603262.SH,技源集团,医疗保健,0,0,0,1
603267.SH,鸿远电子,信息技术,0,0,0,1
603279.SH,景津装备,工业,0,0,0,1
603283.SH,赛腾股份,信息技术,0,0,0,1
603288.SH,海天味业,日常消费,0,1,0,0
603290.SH,斯达半导,信息技术,0,0,1,0
603296.SH,华勤技术,信息技术,0,1,0,0
603297.SH,永新光学,信息技术,0,0,0,1
603298.SH,杭叉集团,工业,0,0,1,0
603299.SH,苏盐井神,材料,0,0,0,1
603300.SH,海南华铁,工业,0,0,0,1
603305.SH,旭升集团,可选消费,0,0,0,1
603306.SH,华懋科技,可选消费,0,0,0,1
603308.SH,应流股份,工业,0,0,0,1
603317.SH,天味食品,日常消费,0,0,0,1
603323.SH,苏农银行,金融,0,0,0,1
603327.SH,福蓉科技,可选消费,0,0,0,1
603328.SH,依顿电子,信息技术,0,0,0,1
603337.SH,杰克科技,工业,0,0,0,1
603338.SH,浙江鼎力,工业,0,0,1,0
603341.SH,龙旗科技,信息技术,0,0,1,0
603345.SH,安井食品,日常消费,0,0,1,0
603355.SH,莱克电气,可选消费,0,0,0,1
603358.SH,华达科技,可选消费,0,0,0,1
603360.SH,百傲化学,材料,0,0,0,1
603369.SH,今世缘,日常消费,0,1,0,0
603379.SH,三美股份,材料,0,0,1,0
603383.SH,顶点软件,信息技术,0,0,0,1
603392.SH,万泰生物,医疗保健,0,1,0,0
603393.SH,新天然气,公用事业,0,0,0,1
603395.SH,红四方,材料,0,0,0,1
603444.SH,吉比特,通讯服务,0,0,1,0
603456.SH,九洲药业,医疗保健,0,0,0,1
603477.SH,巨星农牧,日常消费,0,0,0,1
603486.SH,科沃斯,可选消费,0,0,1,0
603496.SH,恒为科技,信息技术,0,0,0,1
603501.SH,豪威集团,信息技术,1,1,0,0
603505.SH,金石资源,材料,0,0,0,1
603508.SH,思维列控,信息技术,0,0,0,1
603516.SH,淳中科技,信息技术,0,0,0,1
603529.SH,爱玛科技,可选消费,0,0,1,0
603530.SH,神马电力,工业,0,0,0,1
603533.SH,掌阅科技,通讯服务,0,0,0,1
603556.SH,海兴电力,信息技术,0,0,0,1
603565.SH,中谷物流,工业,0,0,1,0
603567.SH,珍宝岛,医疗保健,0,0,0,1
603568.SH,伟明环保,工业,0,0,1,0
603583.SH,捷昌驱动,工业,0,0,0,1
603588.SH,高能环境,工业,0,0,0,1
603589.SH,口子窖,日常消费,0,0,1,0
603596.SH,伯特利,可选消费,0,0,1,0
603599.SH,广信股份,材料,0,0,0,1
603605.SH,珀莱雅,日常消费,0,0,1,0
603606.SH,东方电缆,工业,0,0,1,0
603612.SH,索通发展,材料,0,0,0,1
603613.SH,国联股份,信息技术,0,0,0,1
603619.SH,中曼石油,能源,0,0,0,1
603638.SH,艾迪精密,工业,0,0,0,1
603650.SH,彤程新材,材料,0,0,1,0
603658.SH,安图生物,医疗保健,0,0,1,0
603659.SH,璞泰来,材料,0,0,1,0
603662.SH,柯力传感,信息技术,0,0,0,1
603663.SH,三祥新材,材料,0,0,0,1
603667.SH,五洲新春,可选消费,0,0,0,1
603678.SH,火炬电子,信息技术,0,0,0,1
603688.SH,石英股份,材料,0,0,1,0
603690.SH,至纯科技,工业,0,0,0,1
603693.SH,江苏新能,公用事业,0,0,0,1
603698.SH,航天工程,工业,0,0,0,1
603699.SH,纽威股份,工业,0,0,1,0
603707.SH,健友股份,医疗保健,0,0,1,0
603713.SH,密尔克卫,工业,0,0,0,1
603728.SH,鸣志电器,工业,0,0,1,0
603730.SH,岱美股份,可选消费,0,0,0,1
603733.SH,仙鹤股份,材料,0,0,0,1
603737.SH,三棵树,材料,0,0,1,0
603766.SH,隆鑫通用,可选消费,0,0,1,0
603786.SH,科博达,可选消费,0,0,1,0
603799.SH,华友钴业,材料,0,1,0,0
603806.SH,福斯特,工业,0,0,1,0
603809.SH,豪能股份,可选消费,0,0,0,1
603816.SH,顾家家居,可选消费,0,0,1,0
603826.SH,坤彩科技,材料,0,0,0,1
603833.SH,欧派家居,可选消费,0,0,1,0
603858.SH,步长制药,医疗保健,0,0,1,0
603866.SH,桃李面包,日常消费,0,0,0,1
603871.SH,嘉友国际,工业,0,0,0,1
603876.SH,鼎胜新材,材料,0,0,0,1
603881.SH,数据港,信息技术,0,0,0,1
603883.SH,老百姓,日常消费,0,0,0,1
603885.SH,吉祥航空,工业,0,0,1,0
603887.SH,城地香江,信息技术,0,0,0,1
603888.SH,新华网,通讯服务,0,0,0,1
603893.SH,瑞芯微,信息技术,0,1,0,0
603899.SH,晨光股份,工业,0,0,1,0
603915.SH,国茂股份,工业,0,0,0,1
603919.SH,金徽酒,日常消费,0,0,0,1
603920.SH,世运电路,信息技术,0,0,1,0
603927.SH,中科软,信息技术,0,0,1,0
603939.SH,益丰药房,日常消费,0,0,1,0
603979.SH,金诚信,材料,0,0,1,0
603983.SH,丸美生物,日常消费,0,0,0,1
603986.SH,兆易创新,信息技术,0,1,0,0
603993.SH,洛阳钼业,材料,1,1,0,0
603997.SH,继峰股份,可选消费,0,0,0,1
605009.SH,豪悦护理,日常消费,0,0,0,1
605011.SH,杭州热电,公用事业,0,0,0,1
605020.SH,永和股份,材料,0,0,0,1
605090.SH,九丰能源,公用事业,0,0,0,1
605099.SH,共创草坪,材料,0,0,0,1
605111.SH,新洁能,信息技术,0,0,0,1
605116.SH,奥锐特,医疗保健,0,0,0,1
605117.SH,德业股份,工业,0,1,0,0
605118.SH,力鼎光电,信息技术,0,0,0,1
605123.SH,派克新材,工业,0,0,0,1
605198.SH,安德利,日常消费,0,0,0,1
605296.SH,神农集团,日常消费,0,0,0,1
605333.SH,沪光股份,可选消费,0,0,0,1
605358.SH,立昂微,信息技术,0,0,1,0
605376.SH,博迁新材,材料,0,0,0,1
605499.SH,东鹏饮料,日常消费,0,1,0,0
605507.SH,国邦医药,医疗保健,0,0,0,1
605555.SH,德昌股份,可选消费,0,0,0,1
605589.SH,圣泉集团,材料,0,0,1,0
605599.SH,菜百股份,可选消费,0,0,0,1
688001.SH,华兴源创,信息技术,0,0,0,1
688002.SH,睿创微纳,信息技术,0,0,1,0
688003.SH,天准科技,工业,0,0,0,1
688005.SH,容百科技,材料,0,0,0,1
688006.SH,杭可科技,工业,0,0,0,1
688007.SH,光峰科技,信息技术,0,0,0,1
688008.SH,澜起科技,信息技术,1,1,0,0
688009.SH,中国通号,工业,0,1,0,0
688012.SH,中微公司,信息技术,1,1,0,0
688016.SH,心脉医疗,医疗保健,0,0,0,1
688017.SH,绿的谐波,工业,0,0,1,0
688018.SH,乐鑫科技,信息技术,0,0,1,0
688019.SH,安集科技,信息技术,0,0,1,0
688027.SH,国盾量子,信息技术,0,0,1,0
688029.SH,南微医学,医疗保健,0,0,0,1
688032.SH,禾迈股份,工业,0,0,0,1
688036.SH,传音控股,信息技术,0,1,0,0
688037.SH,芯源微,信息技术,0,0,1,0
688041.SH,海光信息,信息技术,1,1,0,0
688047.SH,龙芯中科,信息技术,0,1,0,0
688048.SH,长光华芯,信息技术,0,0,0,1
688050.SH,爱博医疗,医疗保健,0,0,0,1
688052.SH,纳芯微,信息技术,0,0,1,0
688062.SH,迈威生物-U,医疗保健,0,0,0,1
688063.SH,派能科技,工业,0,0,0,1
688065.SH,凯赛生物,医疗保健,0,0,1,0
688068.SH,热景生物,医疗保健,0,0,0,1
688082.SH,盛美上海,信息技术,0,1,0,0
688083.SH,中望软件,信息技术,0,0,0,1
688088.SH,虹软科技,信息技术,0,0,0,1
688091.SH,上海谊众,医疗保健,0,0,0,1
688097.SH,博众精工,工业,0,0,0,1
688099.SH,晶晨股份,信息技术,0,0,1,0
688100.SH,威胜信息,信息技术,0,0,1,0
688102.SH,斯瑞新材,材料,0,0,0,1
688106.SH,金宏气体,材料,0,0,0,1
688107.SH,安路科技,信息技术,0,0,0,1
688110.SH,东芯股份,信息技术,0,0,0,1
688111.SH,金山办公,信息技术,1,1,0,0
688114.SH,华大智造,医疗保健,0,0,1,0
688116.SH,天奈科技,材料,0,0,0,1
688120.SH,华海清科,信息技术,0,0,1,0
688122.SH,西部超导,材料,0,0,1,0
688123.SH,聚辰股份,信息技术,0,0,0,1
688126.SH,沪硅产业,信息技术,0,1,0,0
688127.SH,蓝特光学,信息技术,0,0,0,1
688128.SH,中国电研,信息技术,0,0,0,1
688131.SH,皓元医药,医疗保健,0,0,0,1
688139.SH,海尔生物,医疗保健,0,0,0,1
688141.SH,杰华特,信息技术,0,0,0,1
688146.SH,中船特气,信息技术,0,0,0,1
688147.SH,微导纳米,工业,0,0,0,1
688150.SH,莱特光电,信息技术,0,0,0,1
688153.SH,唯捷创芯,信息技术,0,0,0,1
688158.SH,优刻得-W,信息技术,0,0,0,1
688165.SH,埃夫特-U,工业,0,0,0,1
688166.SH,博瑞医药,医疗保健,0,0,1,0
688169.SH,石头科技,可选消费,0,1,0,0
688172.SH,燕东微,信息技术,0,0,1,0
688177.SH,百奥泰,医疗保健,0,0,0,1
688180.SH,君实生物-U,医疗保健,0,0,1,0
688182.SH,灿勤科技,信息技术,0,0,0,1
688183.SH,生益电子,信息技术,0,0,1,0
688185.SH,康希诺,医疗保健,0,0,0,1
688187.SH,时代电气,工业,0,1,0,0
688188.SH,柏楚电子,信息技术,0,0,1,0
688190.SH,云路股份,材料,0,0,0,1
688192.SH,迪哲医药-U,医疗保健,0,0,1,0
688200.SH,华峰测控,信息技术,0,0,0,1
688205.SH,德科立,信息技术,0,0,0,1
688206.SH,概伦电子,信息技术,0,0,0,1
688208.SH,道通科技,可选消费,0,0,0,1
688209.SH,英集芯,信息技术,0,0,0,1
688213.SH,思特威-W,信息技术,0,0,1,0
688220.SH,翱捷科技-U,信息技术,0,0,1,0
688223.SH,晶科能源,工业,0,1,0,0
688232.SH,新点软件,信息技术,0,0,0,1
688234.SH,天岳先进,信息技术,0,0,1,0
688235.SH,百济神州,医疗保健,0,0,1,0
688248.SH,南网科技,工业,0,0,1,0
688252.SH,天德钰,信息技术,0,0,0,1
688256.SH,寒武纪,信息技术,1,1,0,0
688262.SH,国芯科技,信息技术,0,0,0,1
688266.SH,泽璟制药-U,医疗保健,0,0,1,0
688271.SH,联影医疗,医疗保健,0,1,0,0
688276.SH,百克生物,医疗保健,0,0,0,1
688278.SH,特宝生物,医疗保健,0,0,1,0
688279.SH,峰岹科技,信息技术,0,0,0,1
688281.SH,华秦科技,工业,0,0,1,0
688289.SH,圣湘生物,医疗保健,0,0,0,1
688295.SH,中复神鹰,材料,0,0,1,0
688297.SH,中无人机,工业,0,0,1,0
688300.SH,联瑞新材,材料,0,0,0,1
688301.SH,奕瑞科技,医疗保健,0,0,1,0
688303.SH,大全能源,工业,0,1,0,0
688306.SH,均普智能,工业,0,0,0,1
688313.SH,仕佳光子,信息技术,0,0,0,1
688318.SH,财富趋势,信息技术,0,0,1,0
688321.SH,微芯生物,医疗保健,0,0,0,1
688322.SH,奥比中光-W,信息技术,0,0,1,0
688326.SH,经纬恒润-W,信息技术,0,0,0,1
688327.SH,云从科技-UW,信息技术,0,0,0,1
688331.SH,荣昌生物,医疗保健,0,0,0,1
688332.SH,中科蓝讯,信息技术,0,0,0,1
688333.SH,铂力特,工业,0,0,0,1
688336.SH,三生国健,医疗保健,0,0,1,0
688337.SH,普源精电,信息技术,0,0,0,1
688343.SH,云天励飞-U,信息技术,0,0,0,1
688347.SH,华虹公司,信息技术,0,0,1,0
688348.SH,昱能科技,工业,0,0,0,1
688349.SH,三一重能,工业,0,0,1,0
688351.SH,微电生理,医疗保健,0,0,0,1
688352.SH,颀中科技,信息技术,0,0,0,1
688361.SH,中科飞测,信息技术,0,0,1,0
688362.SH,甬矽电子,信息技术,0,0,0,1
688363.SH,华熙生物,医疗保健,0,0,1,0
688372.SH,伟测科技,信息技术,0,0,0,1
688375.SH,国博电子,工业,0,0,1,0
688380.SH,中微半导,信息技术,0,0,0,1
688382.SH,益方生物-U,医疗保健,0,0,0,1
688385.SH,复旦微电,信息技术,0,0,1,0
688387.SH,信科移动-U,信息技术,0,0,1,0
688390.SH,固德威,工业,0,0,0,1
688396.SH,华润微,信息技术,0,1,0,0
688400.SH,凌云光,信息技术,0,0,0,1
688403.SH,汇成股份,信息技术,0,0,0,1
688408.SH,中信博,工业,0,0,0,1
688409.SH,富创精密,信息技术,0,0,0,1
688425.SH,铁建重工,工业,0,0,1,0
688432.SH,有研硅,信息技术,0,0,0,1
688433.SH,华曙高科,工业,0,0,0,1
688439.SH,振华风光,信息技术,0,0,0,1
688443.SH,智翔金泰-U,医疗保健,0,0,0,1
688469.SH,芯联集成-U,信息技术,0,0,1,0
688472.SH,阿特斯,工业,0,1,0,0
688475.SH,萤石网络,可选消费,0,0,1,0
688484.SH,南芯科技,信息技术,0,0,0,1
688486.SH,龙迅股份,信息技术,0,0,0,1
688498.SH,源杰科技,信息技术,0,0,0,1
688502.SH,茂莱光学,信息技术,0,0,0,1
688503.SH,聚和材料,工业,0,0,0,1
688506.SH,百利天恒,医疗保健,0,1,0,0
688515.SH,裕太微-U,信息技术,0,0,0,1
688516.SH,奥特维,工业,0,0,0,1
688519.SH,南亚新材,信息技术,0,0,0,1
688520.SH,神州细胞,医疗保健,0,0,1,0
688522.SH,纳睿雷达,工业,0,0,0,1
688523.SH,航天环宇,工业,0,0,0,1
688525.SH,佰维存储,信息技术,0,0,1,0
688536.SH,思瑞浦,信息技术,0,0,0,1
688538.SH,和辉光电-U,信息技术,0,0,1,0
688543.SH,国科军工,工业,0,0,0,1
688548.SH,广钢气体,材料,0,0,0,1
688549.SH,中巨芯-U,信息技术,0,0,0,1
688552.SH,航天南湖,工业,0,0,0,1
688559.SH,海目星,工业,0,0,0,1
688561.SH,奇安信-U,信息技术,0,0,1,0
688563.SH,航材股份,工业,0,0,1,0
688567.SH,孚能科技,工业,0,0,0,1
688568.SH,中科星图,信息技术,0,0,1,0
688575.SH,亚辉龙,医疗保健,0,0,0,1
688578.SH,艾力斯,医疗保健,0,0,1,0
688582.SH,芯动联科,信息技术,0,0,1,0
688584.SH,上海合晶,信息技术,0,0,0,1
688586.SH,江航装备,工业,0,0,0,1
688591.SH,泰凌微,信息技术,0,0,0,1
688596.SH,正帆科技,工业,0,0,0,1
688599.SH,天合光能,工业,0,0,1,0
688608.SH,恒玄科技,信息技术,0,0,1,0
688612.SH,威迈斯,可选消费,0,0,0,1
688615.SH,合合信息,信息技术,0,0,1,0
688617.SH,惠泰医疗,医疗保健,0,0,1,0
688629.SH,华丰科技,信息技术,0,0,1,0
688630.SH,芯碁微装,信息技术,0,0,0,1
688631.SH,莱斯信息,信息技术,0,0,0,1
688639.SH,华恒生物,医疗保健,0,0,0,1
688652.SH,京仪装备,信息技术,0,0,0,1
688658.SH,悦康药业,医疗保健,0,0,0,1
688660.SH,电气风电,工业,0,0,0,1
688676.SH,金盘科技,工业,0,0,1,0
688686.SH,奥普特,信息技术,0,0,0,1
688690.SH,纳微科技,医疗保健,0,0,0,1
688692.SH,达梦数据,信息技术,0,0,1,0
688696.SH,极米科技,信息技术,0,0,0,1
688698.SH,伟创电气,工业,0,0,0,1
688700.SH,东威科技,工业,0,0,0,1
688702.SH,盛科通信-U,信息技术,0,0,1,0
688709.SH,成都华微,信息技术,0,0,1,0
688717.SH,艾罗能源,工业,0,0,0,1
688726.SH,拉普拉斯,工业,0,0,0,1
688728.SH,格科微,信息技术,0,0,1,0
688739.SH,成大生物,医疗保健,0,0,0,1
688766.SH,普冉股份,信息技术,0,0,0,1
688772.SH,珠海冠宇,信息技术,0,0,1,0
688776.SH,国光电气,信息技术,0,0,0,1
688777.SH,中控技术,信息技术,0,0,1,0
688778.SH,厦钨新能,材料,0,0,1,0
688779.SH,五矿新能,材料,0,0,0,1
688789.SH,宏华数科,工业,0,0,0,1
688798.SH,艾为电子,信息技术,0,0,0,1
688800.SH,瑞可达,信息技术,0,0,0,1
688819.SH,天能股份,工业,0,0,1,0
688981.SH,中芯国际,信息技术,1,1,0,0
689009.SH,九号公司-WD,可选消费,0,0,1,0
